dataset,fold,method,accuracy,f1,auc,train_time
adult,0,AdaPrune_hybrid,0.8646739686764254,0.859241511034634,,7.16700553894043
adult,0,AdaPrune_gap,0.8656976149042891,0.8606003893579536,,7.179491758346558
adult,0,AdaPrune_trend,0.8669259903777254,0.8619803127017086,,7.236747741699219
adult,0,AdaPrune_dataaware,0.8644692394308527,0.8592717469427077,,7.483347654342651
adult,0,XGB_default,0.8673354488688709,0.8635931904119727,,0.14647221565246582
adult,0,XGB_tuned,0.8696898351929573,0.8660019554685593,,0.09411430358886719
adult,0,LGBM_default,0.8694851059473846,0.8651284369331889,,1.713029146194458
adult,0,RF_default,0.8566895280990889,0.8526998184275492,,2.499069929122925
adult,0,RF_tuned,0.8588391851776026,0.8503854644001781,,1.6175525188446045
adult,1,AdaPrune_hybrid,0.878288463507012,0.8733903294495289,,7.418104887008667
adult,1,AdaPrune_gap,0.8795168389804484,0.8749560019042025,,7.291378021240234
adult,1,AdaPrune_trend,0.8802333913399529,0.8756641599142095,,7.277953386306763
adult,1,AdaPrune_dataaware,0.8803357559627393,0.8756635370173457,,7.219676971435547
adult,1,XGB_default,0.8760364418057119,0.8723207873289961,,0.09575009346008301
adult,1,XGB_tuned,0.8746033370867028,0.8709848645401835,,0.08808708190917969
adult,1,LGBM_default,0.8765482649196438,0.8724391883382915,,0.1107175350189209
adult,1,RF_default,0.8597604667826799,0.8554649555919814,,2.4520809650421143
adult,1,RF_tuned,0.8662094380182209,0.8578607480712394,,1.585120677947998
adult,2,AdaPrune_hybrid,0.8788902538902539,0.8741101783359393,,7.412367582321167
adult,2,AdaPrune_gap,0.8788902538902539,0.8742787486925763,,7.368403673171997
adult,2,AdaPrune_trend,0.879914004914005,0.875459919666477,,7.360827922821045
adult,2,AdaPrune_dataaware,0.878992628992629,0.8743730434144223,,7.3536696434021
adult,2,XGB_default,0.8724406224406225,0.8687455194278098,,0.12104249000549316
adult,2,XGB_tuned,0.8688574938574939,0.8649731317286404,,0.10542631149291992
adult,2,LGBM_default,0.8713144963144963,0.8670899539330416,,0.11625552177429199
adult,2,RF_default,0.8612817362817363,0.8568861007922355,,2.482194423675537
adult,2,RF_tuned,0.8639434889434889,0.85642966425119,,1.5889251232147217
adult,3,AdaPrune_hybrid,0.8803235053235053,0.8755281322095618,,7.502577543258667
adult,3,AdaPrune_gap,0.8798116298116299,0.8749836890648929,,7.598898649215698
adult,3,AdaPrune_trend,0.8815520065520066,0.8768533095958856,,7.473225116729736
adult,3,AdaPrune_dataaware,0.8802211302211302,0.875385583039033,,7.544064044952393
adult,3,XGB_default,0.8751023751023751,0.8711801278214406,,0.14301705360412598
adult,3,XGB_tuned,0.8754095004095004,0.8714379261401154,,0.11627316474914551
adult,3,LGBM_default,0.8754095004095004,0.8709347199740732,,0.10837244987487793
adult,3,RF_default,0.857084357084357,0.8523243356655651,,2.4950547218322754
adult,3,RF_tuned,0.8630221130221131,0.8540067028715593,,1.5941417217254639
adult,4,AdaPrune_hybrid,0.8795045045045045,0.8743347917355115,,7.4947638511657715
adult,4,AdaPrune_gap,0.879914004914005,0.8747373059054047,,7.514147520065308
adult,4,AdaPrune_trend,0.8792997542997543,0.8743662665477863,,7.540796756744385
adult,4,AdaPrune_dataaware,0.878992628992629,0.8740099511814692,,7.439903497695923
adult,4,XGB_default,0.8713144963144963,0.8677177668791428,,0.13993048667907715
adult,4,XGB_tuned,0.8731572481572482,0.8695651805646316,,0.09569191932678223
adult,4,LGBM_default,0.8725429975429976,0.868504203310947,,0.1141507625579834
adult,4,RF_default,0.8525798525798526,0.8477824563713046,,2.4401373863220215
adult,4,RF_tuned,0.8594389844389845,0.8501381676894897,,1.5724058151245117
diabetes,0,AdaPrune_hybrid,0.7402597402597403,0.7034907016758196,,0.14008855819702148
diabetes,0,AdaPrune_gap,0.6818181818181818,0.6551785328888996,,0.13659262657165527
diabetes,0,AdaPrune_trend,0.7662337662337663,0.7671782762691854,,0.20433783531188965
diabetes,0,AdaPrune_dataaware,0.7597402597402597,0.7554767899150163,,0.18028020858764648
diabetes,0,XGB_default,0.7272727272727273,0.7232230932973366,,0.04886794090270996
diabetes,0,XGB_tuned,0.7532467532467533,0.7532467532467533,,0.033501625061035156
diabetes,0,LGBM_default,0.7662337662337663,0.765185682988784,,0.044265031814575195
diabetes,0,RF_default,0.7922077922077922,0.7865535824719498,,0.12366843223571777
diabetes,0,RF_tuned,0.7727272727272727,0.7672901261418008,,0.09167814254760742
diabetes,1,AdaPrune_hybrid,0.6493506493506493,0.5112997238981491,,0.13429975509643555
diabetes,1,AdaPrune_gap,0.6493506493506493,0.5112997238981491,,0.1355440616607666
diabetes,1,AdaPrune_trend,0.8701298701298701,0.868905604199722,,0.20913934707641602
diabetes,1,AdaPrune_dataaware,0.8961038961038961,0.8917654228849298,,0.1352672576904297
diabetes,1,XGB_default,0.7532467532467533,0.7495827986975903,,0.04974055290222168
diabetes,1,XGB_tuned,0.7597402597402597,0.7568387094790126,,0.03507280349731445
diabetes,1,LGBM_default,0.7727272727272727,0.7672901261418008,,0.04565882682800293
diabetes,1,RF_default,0.7792207792207793,0.7746353646353646,,0.1403813362121582
diabetes,1,RF_tuned,0.7792207792207793,0.7732131813764467,,0.09769773483276367
diabetes,2,AdaPrune_hybrid,0.6493506493506493,0.5112997238981491,,0.14318561553955078
diabetes,2,AdaPrune_gap,0.6493506493506493,0.5112997238981491,,0.13764333724975586
diabetes,2,AdaPrune_trend,0.922077922077922,0.921343362519833,,0.2156510353088379
diabetes,2,AdaPrune_dataaware,0.7987012987012987,0.7771230238190591,,0.1476304531097412
diabetes,2,XGB_default,0.7402597402597403,0.7364029459974635,,0.04274153709411621
diabetes,2,XGB_tuned,0.7077922077922078,0.7071536358745174,,0.03052687644958496
diabetes,2,LGBM_default,0.7337662337662337,0.7331844237967826,,0.04303121566772461
diabetes,2,RF_default,0.7662337662337663,0.7613786213786214,,0.11725378036499023
diabetes,2,RF_tuned,0.7792207792207793,0.7732131813764467,,0.09029817581176758
diabetes,3,AdaPrune_hybrid,0.6535947712418301,0.5166757084915653,,0.14972329139709473
diabetes,3,AdaPrune_gap,0.6535947712418301,0.5166757084915653,,0.14275264739990234
diabetes,3,AdaPrune_trend,0.9215686274509803,0.9203578907291071,,0.2162644863128662
diabetes,3,AdaPrune_dataaware,0.7254901960784313,0.6592377653540755,,0.14589881896972656
diabetes,3,XGB_default,0.7581699346405228,0.7605161722808781,,0.0523991584777832
diabetes,3,XGB_tuned,0.738562091503268,0.7373425125317963,,0.03052663803100586
diabetes,3,LGBM_default,0.7516339869281046,0.7526792984309324,,0.04804539680480957
diabetes,3,RF_default,0.738562091503268,0.7329188085490607,,0.1362476348876953
diabetes,3,RF_tuned,0.7516339869281046,0.7446117335823217,,0.09203267097473145
diabetes,4,AdaPrune_hybrid,0.6535947712418301,0.5166757084915653,,0.1476757526397705
diabetes,4,AdaPrune_gap,0.6535947712418301,0.5166757084915653,,0.14389491081237793
diabetes,4,AdaPrune_trend,0.954248366013072,0.9536738465812148,,0.22707915306091309
diabetes,4,AdaPrune_dataaware,0.6666666666666666,0.5459857539538815,,0.15186619758605957
diabetes,4,XGB_default,0.6797385620915033,0.6738312364910829,,0.042822837829589844
diabetes,4,XGB_tuned,0.6797385620915033,0.6717766539029825,,0.035669803619384766
diabetes,4,LGBM_default,0.6928104575163399,0.6889529699024423,,0.04762530326843262
diabetes,4,RF_default,0.7712418300653595,0.7696007317110529,,0.11791443824768066
diabetes,4,RF_tuned,0.7189542483660131,0.7195614011662368,,0.0927438735961914
ionosphere,0,AdaPrune_hybrid,0.9295774647887324,0.927684809867041,,0.48804593086242676
ionosphere,0,AdaPrune_gap,0.8873239436619719,0.8850264708820298,,0.22623872756958008
ionosphere,0,AdaPrune_trend,0.9154929577464789,0.914721371708512,,0.3470034599304199
ionosphere,0,AdaPrune_dataaware,0.9014084507042254,0.899980528331278,,0.36110401153564453
ionosphere,0,XGB_default,0.9436619718309859,0.9425132354410148,,0.041617393493652344
ionosphere,0,XGB_tuned,0.9436619718309859,0.9431475811390081,,0.02734231948852539
ionosphere,0,LGBM_default,0.9577464788732394,0.9575643908701075,,0.03586864471435547
ionosphere,0,RF_default,0.9436619718309859,0.9431475811390081,,0.12708091735839844
ionosphere,0,RF_tuned,0.9436619718309859,0.9431475811390081,,0.0953834056854248
ionosphere,1,AdaPrune_hybrid,0.9714285714285714,0.9711438923395447,,0.33692240715026855
ionosphere,1,AdaPrune_gap,0.9714285714285714,0.9711438923395447,,0.2729926109313965
ionosphere,1,AdaPrune_trend,0.9714285714285714,0.9711438923395447,,0.4439713954925537
ionosphere,1,AdaPrune_dataaware,0.9571428571428572,0.9564663202274731,,0.398296594619751
ionosphere,1,XGB_default,0.9285714285714286,0.9282350302758465,,0.03802371025085449
ionosphere,1,XGB_tuned,0.9285714285714286,0.9282350302758465,,0.026037931442260742
ionosphere,1,LGBM_default,0.9428571428571428,0.942287784679089,,0.03903007507324219
ionosphere,1,RF_default,0.9285714285714286,0.9282350302758465,,0.13662004470825195
ionosphere,1,RF_tuned,0.9428571428571428,0.942287784679089,,0.09159135818481445
ionosphere,2,AdaPrune_hybrid,0.9857142857142858,0.9856470060551694,,0.38022589683532715
ionosphere,2,AdaPrune_gap,0.8285714285714286,0.8115877930119416,,0.22150945663452148
ionosphere,2,AdaPrune_trend,0.9714285714285714,0.9711438923395447,,0.38904309272766113
ionosphere,2,AdaPrune_dataaware,0.9714285714285714,0.9711438923395447,,0.38500404357910156
ionosphere,2,XGB_default,0.9,0.8970760233918128,,0.03953409194946289
ionosphere,2,XGB_tuned,0.8857142857142857,0.8814935064935064,,0.027584552764892578
ionosphere,2,LGBM_default,0.9285714285714286,0.9274438670457889,,0.03644609451293945
ionosphere,2,RF_default,0.9285714285714286,0.9274438670457889,,0.1172933578491211
ionosphere,2,RF_tuned,0.9285714285714286,0.9274438670457889,,0.0971221923828125
ionosphere,3,AdaPrune_hybrid,0.9857142857142858,0.9856470060551694,,0.37374114990234375
ionosphere,3,AdaPrune_gap,0.6428571428571429,0.5031055900621119,,0.2518899440765381
ionosphere,3,AdaPrune_trend,0.9857142857142858,0.9856470060551694,,0.4062178134918213
ionosphere,3,AdaPrune_dataaware,0.9857142857142858,0.9856470060551694,,0.4056727886199951
ionosphere,3,XGB_default,0.9714285714285714,0.9714285714285714,,0.03962373733520508
ionosphere,3,XGB_tuned,0.9857142857142858,0.9856470060551694,,0.03353261947631836
ionosphere,3,LGBM_default,0.9571428571428572,0.9564663202274731,,0.0408322811126709
ionosphere,3,RF_default,0.9714285714285714,0.9711438923395447,,0.1213526725769043
ionosphere,3,RF_tuned,0.9714285714285714,0.9711438923395447,,0.08991432189941406
ionosphere,4,AdaPrune_hybrid,0.9714285714285714,0.9711438923395447,,0.36670756340026855
ionosphere,4,AdaPrune_gap,0.6428571428571429,0.5031055900621119,,0.24836349487304688
ionosphere,4,AdaPrune_trend,0.9428571428571428,0.9428571428571428,,0.3810584545135498
ionosphere,4,AdaPrune_dataaware,0.9714285714285714,0.9711438923395447,,0.38103580474853516
ionosphere,4,XGB_default,0.8857142857142857,0.8857142857142857,,0.042037248611450195
ionosphere,4,XGB_tuned,0.8714285714285714,0.8719667642337833,,0.024523496627807617
ionosphere,4,LGBM_default,0.9285714285714286,0.9282350302758465,,0.03753352165222168
ionosphere,4,RF_default,0.9,0.9004185944040538,,0.12581086158752441
ionosphere,4,RF_tuned,0.9142857142857143,0.9142857142857143,,0.09533452987670898
synthetic_easy,0,AdaPrune_hybrid,0.9625,0.9624997656235351,,1.6158967018127441
synthetic_easy,0,AdaPrune_gap,0.9625,0.9624997656235351,,1.601943016052246
synthetic_easy,0,AdaPrune_trend,0.9375,0.9374964841772351,,1.6133449077606201
synthetic_easy,0,AdaPrune_dataaware,0.9675,0.9674997968737304,,1.6025562286376953
synthetic_easy,0,XGB_default,0.9875,0.9874999218745117,,0.04753398895263672
synthetic_easy,0,XGB_tuned,0.985,0.9849996249906248,,0.03451967239379883
synthetic_easy,0,LGBM_default,0.985,0.985,,0.06803369522094727
synthetic_easy,0,RF_default,0.98,0.98,,0.3259546756744385
synthetic_easy,0,RF_tuned,0.98,0.9799994999874997,,0.28028273582458496
synthetic_easy,1,AdaPrune_hybrid,0.99,0.99,,1.6112525463104248
synthetic_easy,1,AdaPrune_gap,0.99,0.9899997499937498,,1.6388773918151855
synthetic_easy,1,AdaPrune_trend,0.9825,0.9824998906243164,,1.5792100429534912
synthetic_easy,1,AdaPrune_dataaware,0.98,0.98,,1.5037429332733154
synthetic_easy,1,XGB_default,0.9925,0.9924995781012683,,0.05132937431335449
synthetic_easy,1,XGB_tuned,0.985,0.9849996249906248,,0.03452467918395996
synthetic_easy,1,LGBM_default,0.9925,0.9924995781012683,,0.06906747817993164
synthetic_easy,1,RF_default,0.9875,0.9874999218745117,,0.3326270580291748
synthetic_easy,1,RF_tuned,0.99,0.99,,0.2777113914489746
synthetic_easy,2,AdaPrune_hybrid,0.9975,0.9974999843749024,,1.6440937519073486
synthetic_easy,2,AdaPrune_gap,0.9975,0.9974999843749024,,1.6449635028839111
synthetic_easy,2,AdaPrune_trend,0.99,0.9899997499937498,,1.624553918838501
synthetic_easy,2,AdaPrune_dataaware,0.9975,0.9974999843749024,,1.5392251014709473
synthetic_easy,2,XGB_default,0.995,0.9949998749968749,,0.04805755615234375
synthetic_easy,2,XGB_tuned,0.9925,0.9924999531247071,,0.031191110610961914
synthetic_easy,2,LGBM_default,0.995,0.9949998749968749,,0.06813311576843262
synthetic_easy,2,RF_default,0.9875,0.9874999218745117,,0.31693577766418457
synthetic_easy,2,RF_tuned,0.99,0.99,,0.26494431495666504
synthetic_easy,3,AdaPrune_hybrid,1.0,1.0,,1.6232080459594727
synthetic_easy,3,AdaPrune_gap,0.9975,0.9974999843749024,,1.6291000843048096
synthetic_easy,3,AdaPrune_trend,0.9975,0.9974999843749024,,1.4691722393035889
synthetic_easy,3,AdaPrune_dataaware,0.9975,0.9974999843749024,,1.6370623111724854
synthetic_easy,3,XGB_default,0.995,0.9949998749968749,,0.046477317810058594
synthetic_easy,3,XGB_tuned,0.9925,0.9924999531247071,,0.03356647491455078
synthetic_easy,3,LGBM_default,0.995,0.9949998749968749,,0.06435918807983398
synthetic_easy,3,RF_default,0.9975,0.9974999843749024,,0.3471565246582031
synthetic_easy,3,RF_tuned,0.995,0.9949998749968749,,0.27799129486083984
synthetic_easy,4,AdaPrune_hybrid,1.0,1.0,,1.6362841129302979
synthetic_easy,4,AdaPrune_gap,1.0,1.0,,1.6407091617584229
synthetic_easy,4,AdaPrune_trend,1.0,1.0,,1.6317331790924072
synthetic_easy,4,AdaPrune_dataaware,0.9975,0.9974999843749024,,1.6820898056030273
synthetic_easy,4,XGB_default,0.985,0.985,,0.044538021087646484
synthetic_easy,4,XGB_tuned,0.99,0.99,,0.033525943756103516
synthetic_easy,4,LGBM_default,0.9925,0.9924999531247071,,0.06505918502807617
synthetic_easy,4,RF_default,0.9825,0.9824990155696258,,0.3144826889038086
synthetic_easy,4,RF_tuned,0.985,0.9849984998499849,,0.2780451774597168
synthetic_noisy_small,0,AdaPrune_hybrid,0.70625,0.7059628543499512,,0.8797886371612549
synthetic_noisy_small,0,AdaPrune_gap,0.75,0.7496479424190268,,0.3638651371002197
synthetic_noisy_small,0,AdaPrune_trend,0.73125,0.7309872922776148,,0.8779716491699219
synthetic_noisy_small,0,AdaPrune_dataaware,0.7125,0.7124550711048602,,0.8811423778533936
synthetic_noisy_small,0,XGB_default,0.80625,0.8061818608104412,,0.06707525253295898
synthetic_noisy_small,0,XGB_tuned,0.7875,0.7874667916862009,,0.05061960220336914
synthetic_noisy_small,0,LGBM_default,0.79375,0.7937419430446502,,0.05417442321777344
synthetic_noisy_small,0,RF_default,0.7625,0.7625,,0.21235275268554688
synthetic_noisy_small,0,RF_tuned,0.7875,0.7872007510561728,,0.17978334426879883
synthetic_noisy_small,1,AdaPrune_hybrid,0.975,0.975,,0.50095534324646
synthetic_noisy_small,1,AdaPrune_gap,0.93125,0.9312096774193549,,0.32138609886169434
synthetic_noisy_small,1,AdaPrune_trend,0.93125,0.9312419405259661,,0.8957056999206543
synthetic_noisy_small,1,AdaPrune_dataaware,0.9375,0.9374804656977652,,0.8908686637878418
synthetic_noisy_small,1,XGB_default,0.81875,0.818728752295729,,0.07155871391296387
synthetic_noisy_small,1,XGB_tuned,0.81875,0.8186436950146628,,0.04805254936218262
synthetic_noisy_small,1,LGBM_default,0.825,0.8249452782989369,,0.04804277420043945
synthetic_noisy_small,1,RF_default,0.80625,0.8057716799247618,,0.23067903518676758
synthetic_noisy_small,1,RF_tuned,0.8,0.7996240601503759,,0.17894268035888672
synthetic_noisy_small,2,AdaPrune_hybrid,0.99375,0.9937502441501621,,0.2981092929840088
synthetic_noisy_small,2,AdaPrune_gap,0.9375,0.9374413237365044,,0.30639195442199707
synthetic_noisy_small,2,AdaPrune_trend,0.975,0.975,,0.8218111991882324
synthetic_noisy_small,2,AdaPrune_dataaware,0.9625,0.9624647942419028,,0.3405287265777588
synthetic_noisy_small,2,XGB_default,0.8375,0.8373474417149115,,0.06507420539855957
synthetic_noisy_small,2,XGB_tuned,0.84375,0.8437316887378413,,0.04804491996765137
synthetic_noisy_small,2,LGBM_default,0.84375,0.8435359672811241,,0.052085161209106445
synthetic_noisy_small,2,RF_default,0.79375,0.7937258291339505,,0.23310303688049316
synthetic_noisy_small,2,RF_tuned,0.8375,0.8374492108141898,,0.1788020133972168
synthetic_noisy_small,3,AdaPrune_hybrid,0.98125,0.9812507324504864,,0.30632805824279785
synthetic_noisy_small,3,AdaPrune_gap,0.94375,0.9437434058848815,,0.3351716995239258
synthetic_noisy_small,3,AdaPrune_trend,0.98125,0.9812507324504864,,0.8809990882873535
synthetic_noisy_small,3,AdaPrune_dataaware,0.9875,0.9875,,0.34133410453796387
synthetic_noisy_small,3,XGB_default,0.8125,0.8125,,0.06307554244995117
synthetic_noisy_small,3,XGB_tuned,0.8,0.7999374609130706,,0.04854726791381836
synthetic_noisy_small,3,LGBM_default,0.825,0.825,,0.049224138259887695
synthetic_noisy_small,3,RF_default,0.825,0.8249452782989369,,0.22370266914367676
synthetic_noisy_small,3,RF_tuned,0.83125,0.8308333986441475,,0.17414522171020508
synthetic_noisy_small,4,AdaPrune_hybrid,0.99375,0.9937502441501621,,0.32750821113586426
synthetic_noisy_small,4,AdaPrune_gap,0.94375,0.9437434058848815,,0.31955552101135254
synthetic_noisy_small,4,AdaPrune_trend,1.0,1.0,,0.9050257205963135
synthetic_noisy_small,4,AdaPrune_dataaware,0.975,0.975,,0.37082529067993164
synthetic_noisy_small,4,XGB_default,0.84375,0.8437316887378413,,0.07408523559570312
synthetic_noisy_small,4,XGB_tuned,0.8125,0.8125,,0.05707573890686035
synthetic_noisy_small,4,LGBM_default,0.84375,0.8437316887378413,,0.05164480209350586
synthetic_noisy_small,4,RF_default,0.8125,0.8125,,0.21843409538269043
synthetic_noisy_small,4,RF_tuned,0.83125,0.8312302176546442,,0.18001914024353027
synthetic_hard,0,AdaPrune_hybrid,0.8383333333333334,0.8383328842580119,,5.494220733642578
synthetic_hard,0,AdaPrune_gap,0.755,0.7549448625940837,,1.270293951034546
synthetic_hard,0,AdaPrune_trend,0.855,0.8549963749093729,,5.484436988830566
synthetic_hard,0,AdaPrune_dataaware,0.84,0.83998399839984,,5.426607608795166
synthetic_hard,0,XGB_default,0.8616666666666667,0.8616662824063401,,0.13594508171081543
synthetic_hard,0,XGB_tuned,0.8483333333333334,0.8483228001944579,,0.11269426345825195
synthetic_hard,0,LGBM_default,0.8733333333333333,0.8733277034534869,,0.08433175086975098
synthetic_hard,0,RF_default,0.8516666666666667,0.8516629582406227,,1.0231847763061523
synthetic_hard,0,RF_tuned,0.8433333333333334,0.8433315925732509,,0.8655896186828613
synthetic_hard,1,AdaPrune_hybrid,0.95,0.9499994444382716,,5.500918388366699
synthetic_hard,1,AdaPrune_gap,0.9266666666666666,0.9266634072625451,,1.0638387203216553
synthetic_hard,1,AdaPrune_trend,0.95,0.95,,5.508195161819458
synthetic_hard,1,AdaPrune_dataaware,0.9516666666666667,0.9516665324070346,,5.557953596115112
synthetic_hard,1,XGB_default,0.8933333333333333,0.8933333333333333,,0.1574859619140625
synthetic_hard,1,XGB_tuned,0.8716666666666667,0.8716577540106952,,0.11897420883178711
synthetic_hard,1,LGBM_default,0.8983333333333333,0.8983330509251414,,0.08661413192749023
synthetic_hard,1,RF_default,0.8666666666666667,0.8665940345299108,,1.030412197113037
synthetic_hard,1,RF_tuned,0.86,0.8599237362564064,,0.877676248550415
synthetic_hard,2,AdaPrune_hybrid,0.9866666666666667,0.9866660740477353,,5.47367787361145
synthetic_hard,2,AdaPrune_gap,0.9433333333333334,0.9433308147028757,,1.0771875381469727
synthetic_hard,2,AdaPrune_trend,0.9733333333333334,0.9733321480954711,,5.553185701370239
synthetic_hard,2,AdaPrune_dataaware,0.9716666666666667,0.9716665879627444,,5.4977028369903564
synthetic_hard,2,XGB_default,0.895,0.8949857063878138,,0.13492465019226074
synthetic_hard,2,XGB_tuned,0.885,0.8849741191768146,,0.10601639747619629
synthetic_hard,2,LGBM_default,0.8933333333333333,0.8933226655998935,,0.08159136772155762
synthetic_hard,2,RF_default,0.845,0.844989235363567,,1.0221364498138428
synthetic_hard,2,RF_tuned,0.8516666666666667,0.8516629582406227,,0.893049955368042
synthetic_hard,3,AdaPrune_hybrid,0.9816666666666667,0.9816662083218747,,5.845910310745239
synthetic_hard,3,AdaPrune_gap,0.9166666666666666,0.9166212715811942,,1.158689260482788
synthetic_hard,3,AdaPrune_trend,0.9766666666666667,0.9766656295835371,,5.864948749542236
synthetic_hard,3,AdaPrune_dataaware,0.98,0.9799991110716032,,5.87338924407959
synthetic_hard,3,XGB_default,0.8733333333333333,0.8731924360400444,,0.20752811431884766
synthetic_hard,3,XGB_tuned,0.875,0.8748995721565367,,0.15218377113342285
synthetic_hard,3,LGBM_default,0.8733333333333333,0.8731628077748974,,0.10739731788635254
synthetic_hard,3,RF_default,0.8783333333333333,0.8781841088666951,,1.0839505195617676
synthetic_hard,3,RF_tuned,0.86,0.8596006418256373,,0.9133124351501465
synthetic_hard,4,AdaPrune_hybrid,0.9866666666666667,0.9866665185168724,,5.943549633026123
synthetic_hard,4,AdaPrune_gap,0.9133333333333333,0.9133179231863443,,1.1436467170715332
synthetic_hard,4,AdaPrune_trend,0.9933333333333333,0.9933332592584361,,5.821695566177368
synthetic_hard,4,AdaPrune_dataaware,0.9883333333333333,0.9883333009258359,,5.798623561859131
synthetic_hard,4,XGB_default,0.8633333333333333,0.8633272589892884,,0.14714407920837402
synthetic_hard,4,XGB_tuned,0.8583333333333333,0.8582667974688117,,0.11469745635986328
synthetic_hard,4,LGBM_default,0.8566666666666667,0.856588587119654,,0.1020970344543457
synthetic_hard,4,RF_default,0.84,0.8399128414358928,,1.0593056678771973
synthetic_hard,4,RF_tuned,0.8383333333333334,0.8382034466557875,,0.8960881233215332
