dataset,fold,method,accuracy,train_accuracy,gap,f1,roc_auc,train_time
adult,0,RF_default,0.8566895280990889,0.9998208481560157,0.14313132005692675,0.8526998184275492,0.9031459544720468,0.2744152545928955
adult,0,XGB_default,0.8696898351929573,0.9004939472269854,0.03080411203402811,0.8660740438603581,0.9239618116555401,0.19595837593078613
adult,0,XGB_tuned,0.8687685535878801,0.8842935019066874,0.015524948318807352,0.8643250166955547,0.9247555698914184,0.08297562599182129
adult,0,XGB_early_stop,0.870713481420821,0.8927904179356589,0.022076936514837997,0.8667656002955441,0.9269422974225725,0.2603473663330078
adult,0,LGBM_default,0.8694851059473846,0.8860338341053925,0.016548728158007897,0.8651284369331889,0.9259631725648421,2.5063252449035645
adult,0,LGBM_early_stop,0.8722489507626164,0.8926880454533821,0.020439094690765658,0.8683599456226465,0.9261778076006703,0.2017192840576172
adult,0,AdaPrune,0.8685638243423073,0.8843446881478259,0.015780863805518575,0.8640120416811153,0.9252941720227578,0.24472379684448242
adult,1,RF_default,0.8597604667826799,0.999872034397154,0.14011156761447408,0.8554649555919814,0.9083792159610649,0.2631237506866455
adult,1,XGB_default,0.8754222540689938,0.8984720907020193,0.02304983663302551,0.871571316561192,0.9266389362114343,0.06871366500854492
adult,1,XGB_tuned,0.8765482649196438,0.8817341898497684,0.005185924930124597,0.8720328629527175,0.9276487108832109,0.06634521484375
adult,1,XGB_early_stop,0.878288463507012,0.8886187392828807,0.010330275775868758,0.8741555738172679,0.9289755744293178,0.1777644157409668
adult,1,LGBM_default,0.8765482649196438,0.8832185908427814,0.006670325923137654,0.8724391883382915,0.9285758605633188,0.10597085952758789
adult,1,LGBM_early_stop,0.8765482649196438,0.885701123537993,0.009152858618349247,0.8725334631629996,0.928763299285275,0.160597562789917
adult,1,AdaPrune,0.8758317125601393,0.8825275765874133,0.006695864027274068,0.8715915044441179,0.9282357483544935,0.26291751861572266
adult,2,RF_default,0.8612817362817363,0.9999488150688437,0.13866707878710738,0.8568861007922355,0.9099172665228129,0.27118635177612305
adult,2,XGB_default,0.8721334971334971,0.8998054972616062,0.02767200012810911,0.8686302534125684,0.9280602481353628,0.06637382507324219
adult,2,XGB_tuned,0.8726453726453727,0.8830168398423505,0.01037146719697779,0.8679592073137979,0.9279840370806657,0.07468676567077637
adult,2,XGB_early_stop,0.872952497952498,0.8919997952602754,0.019047297307777433,0.8689747394840902,0.9297148946459185,0.19718289375305176
adult,2,LGBM_default,0.8713144963144963,0.8853969391411168,0.014082442826620523,0.8670899539330416,0.9287047454755191,0.10386443138122559
adult,2,LGBM_early_stop,0.872031122031122,0.8869836720069612,0.014952549975839169,0.8678667156000909,0.92891863740047,0.15273141860961914
adult,2,AdaPrune,0.8732596232596233,0.8818651788913344,0.00860555563171117,0.8685462589888526,0.9283119144856109,0.22723698616027832
adult,3,RF_default,0.857084357084357,0.9998720376721093,0.14278768058775226,0.8523243356655651,0.9055132061636576,0.2825326919555664
adult,3,XGB_default,0.8752047502047502,0.900342939038747,0.025138188833996766,0.871202966362693,0.9306564625045354,0.06640815734863281
adult,3,XGB_tuned,0.8768427518427518,0.8827609151865691,0.005918163343817229,0.8720064501286533,0.9311126923393409,0.07935810089111328
adult,3,XGB_early_stop,0.8790950040950041,0.8910528740338844,0.011957869938880372,0.8748935104841354,0.9325679002492593,0.184981107711792
adult,3,LGBM_default,0.8754095004095004,0.8844500179147259,0.009040517505225498,0.8709347199740732,0.9305571894721986,0.09856224060058594
adult,3,LGBM_early_stop,0.8771498771498771,0.8864718226953985,0.009321945545521348,0.8727495798627926,0.9306699369184372,0.15320801734924316
adult,3,AdaPrune,0.8741809991809992,0.8793827097302555,0.005201710549256222,0.8688342404793576,0.9292907385228368,0.19084429740905762
adult,4,RF_default,0.8525798525798526,0.9999232226032656,0.14734337002341302,0.8477824563713046,0.9059941678820991,0.27124619483947754
adult,4,XGB_default,0.8705978705978706,0.9003941239699033,0.02979625337203262,0.8673237785783618,0.9280704691117201,0.06322455406188965
adult,4,XGB_tuned,0.8748976248976249,0.8830168398423505,0.008119214944725561,0.870318863466858,0.9288758244657006,0.06683206558227539
adult,4,XGB_early_stop,0.8744881244881245,0.8899779904796028,0.01548986599147828,0.8708056399351746,0.9303666186482318,0.17490935325622559
adult,4,LGBM_default,0.8725429975429976,0.8854993090034294,0.012956311460431857,0.868504203310947,0.9289080709263204,0.10584878921508789
adult,4,LGBM_early_stop,0.872952497952498,0.8943287096278856,0.021376211675387613,0.8693546320263984,0.9295603419668049,0.2087719440460205
adult,4,AdaPrune,0.8727477477477478,0.8841173158622102,0.011369568114462436,0.8685459460862404,0.9293592334601712,0.27275562286376953
bank-marketing,0,RF_default,0.9052305650779608,0.999944702499447,0.09471413742148616,0.8970599594244382,0.9304990571878036,0.27883124351501465
bank-marketing,0,XGB_default,0.9068893066460245,0.9562596770625967,0.04937037041657222,0.9016226821116843,0.9331390497068581,0.0766298770904541
bank-marketing,0,XGB_tuned,0.9108702864093774,0.9294956867949569,0.01862540038557947,0.9046385650906883,0.9374333728292533,0.07836151123046875
bank-marketing,0,XGB_early_stop,0.9112020347229901,0.9412187569121876,0.030016722189197487,0.9059136416283355,0.9380588366893028,0.18003416061401367
bank-marketing,0,LGBM_default,0.9112020347229901,0.9318458305684583,0.02064379584546816,0.905321520278003,0.9383076491483915,0.11147809028625488
bank-marketing,0,LGBM_early_stop,0.9117549485790114,0.9416334881663349,0.02987853958732345,0.9063296189459996,0.93879414734385,0.21492385864257812
bank-marketing,0,AdaPrune,0.910206789782152,0.9330347268303473,0.0228279370481953,0.9041334160100317,0.9364426210297426,0.4457526206970215
bank-marketing,1,RF_default,0.90278699402787,0.9999723520141558,0.0971853579862858,0.893790651395659,0.9292884778638282,0.2678089141845703
bank-marketing,1,XGB_default,0.9062154390621544,0.9565373662528684,0.050321927190714044,0.900390592142586,0.9327850410152906,0.07691073417663574
bank-marketing,1,XGB_tuned,0.9051094890510949,0.9327048024551411,0.027595313404046196,0.8988980095888485,0.935877167987043,0.07678055763244629
bank-marketing,1,XGB_early_stop,0.9046671090466711,0.9414415659819182,0.03677445693524706,0.8981569012152087,0.9364641247277149,0.16078758239746094
bank-marketing,1,LGBM_default,0.9075425790754258,0.9322900826674777,0.02474750359205191,0.9018001592349077,0.9377252405023848,0.10720252990722656
bank-marketing,1,LGBM_early_stop,0.9086485290864853,0.9392020791285355,0.03055355004205018,0.9029747984785094,0.9380223917954016,0.18276047706604004
bank-marketing,1,AdaPrune,0.9054412740544128,0.925626918079018,0.02018564402460521,0.8976813860577246,0.9315473253125391,0.2577791213989258
bank-marketing,2,RF_default,0.9045565140455651,1.0,0.09544348595443486,0.8961517049278246,0.9242346933943502,0.26264023780822754
bank-marketing,2,XGB_default,0.9030081840300819,0.9563714783378031,0.05336329430772124,0.8982691853503891,0.9261363582552629,0.06740593910217285
bank-marketing,2,XGB_tuned,0.9061048440610484,0.9301335397716276,0.024028695710579195,0.9002021982708469,0.9294811267146769,0.06846880912780762
bank-marketing,2,XGB_early_stop,0.9052200840522009,0.9380132157372335,0.03279313168503262,0.8998847267343679,0.928722757424111,0.1556713581085205
bank-marketing,2,LGBM_default,0.9059942490599425,0.9327048024551411,0.026710553395198566,0.9014746349650476,0.9324359967572194,0.10827994346618652
bank-marketing,2,LGBM_early_stop,0.9067684140676842,0.930299427686693,0.02353101361900889,0.902017515893654,0.9325016999973481,0.13218069076538086
bank-marketing,2,AdaPrune,0.9038929440389294,0.9239956869142083,0.02010274287527891,0.8968127960476042,0.9255380444253345,0.25287532806396484
bank-marketing,3,RF_default,0.9095332890953329,0.9999723520141558,0.09043906291882287,0.8996737020694239,0.9307664241526532,0.26621580123901367
bank-marketing,3,XGB_default,0.9103074541030746,0.954684951201305,0.04437749709823047,0.9044686824245929,0.9333376109496878,0.06742238998413086
bank-marketing,3,XGB_tuned,0.913846494138465,0.9303547236583815,0.016508229519916484,0.9068372097708348,0.9376019880024699,0.06653881072998047
bank-marketing,3,XGB_early_stop,0.9117451891174518,0.9401144626613951,0.028369273543943252,0.9054733812932024,0.9375621517136352,0.17804431915283203
bank-marketing,3,LGBM_default,0.9104180491041804,0.930769443446045,0.020351394341864504,0.903156735916468,0.9385092846373276,0.10533785820007324
bank-marketing,3,LGBM_early_stop,0.9122981641229816,0.9432939810334817,0.03099581691050013,0.906090879221583,0.9386492739732775,0.20215296745300293
bank-marketing,3,AdaPrune,0.9111922141119222,0.928502308606818,0.017310094494895845,0.9035357102104478,0.9356932200885703,0.27579808235168457
bank-marketing,4,RF_default,0.90278699402787,1.0,0.09721300597213,0.8934327771091413,0.9234342385148369,0.27991271018981934
bank-marketing,4,XGB_default,0.9045565140455651,0.9573668058281954,0.0528102917826303,0.8996425371359462,0.9279628491387313,0.07814216613769531
bank-marketing,4,XGB_tuned,0.9078743640787437,0.9318200669081257,0.02394570282938202,0.9018772040193412,0.9295315583908839,0.08083128929138184
bank-marketing,4,XGB_early_stop,0.90687900906879,0.9391744311426913,0.03229542207390124,0.9012053651853692,0.9315513706998115,0.15629196166992188
bank-marketing,4,LGBM_default,0.9064366290643663,0.930658851502668,0.024222222438301744,0.9004244753148245,0.9298054402756363,0.10930275917053223
bank-marketing,4,LGBM_early_stop,0.907100199071002,0.924797478503691,0.01769727943268895,0.9007640414413691,0.9301691165885645,0.13456368446350098
bank-marketing,4,AdaPrune,0.9053306790533068,0.9251845503055103,0.019853871252203503,0.8978268405781564,0.9278100151152968,0.25562024116516113
credit-default,0,RF_default,0.8165,0.99925,0.18274999999999997,0.7970340105648561,0.7713650245244678,0.37062525749206543
credit-default,0,XGB_default,0.8125,0.886125,0.07362500000000005,0.7913446798922885,0.7722713950837596,0.08612704277038574
credit-default,0,XGB_tuned,0.8191666666666667,0.8439583333333334,0.024791666666666656,0.797308584718786,0.7911802657977801,0.08140373229980469
credit-default,0,XGB_early_stop,0.82,0.8380833333333333,0.01808333333333334,0.7972984394705315,0.7949943233980442,0.09580349922180176
credit-default,0,LGBM_default,0.819,0.842,0.02300000000000002,0.7975640957200778,0.7871346795572702,0.09898996353149414
credit-default,0,LGBM_early_stop,0.8206666666666667,0.82775,0.00708333333333333,0.7989409123663789,0.7940888393041344,0.07828521728515625
credit-default,0,AdaPrune,0.8185,0.8233333333333334,0.004833333333333356,0.7892422442334305,0.7885540718094983,0.2069687843322754
credit-default,1,RF_default,0.8133333333333334,0.9992916666666667,0.18595833333333334,0.794683288975047,0.7617076147007509,0.3648722171783447
credit-default,1,XGB_default,0.8098333333333333,0.8840416666666666,0.07420833333333332,0.7905965897284907,0.7628799928270455,0.09489774703979492
credit-default,1,XGB_tuned,0.8203333333333334,0.8455416666666666,0.025208333333333277,0.8002722993320392,0.7786600895232454,0.08052325248718262
credit-default,1,XGB_early_stop,0.8171666666666667,0.8374583333333333,0.020291666666666597,0.7953372255776694,0.7808410031105917,0.09277892112731934
credit-default,1,LGBM_default,0.8186666666666667,0.8445,0.025833333333333375,0.7984195377302956,0.7749231544034892,0.09155631065368652
credit-default,1,LGBM_early_stop,0.8206666666666667,0.8313333333333334,0.010666666666666713,0.7994977808967192,0.779702490102113,0.07821488380432129
credit-default,1,AdaPrune,0.817,0.83475,0.017750000000000044,0.7957914720013878,0.7759070973385082,0.315155029296875
credit-default,2,RF_default,0.8151666666666667,0.999375,0.1842083333333333,0.7947704365067322,0.7598793821260876,0.37293267250061035
credit-default,2,XGB_default,0.8101666666666667,0.8874583333333333,0.07729166666666665,0.7897108073299302,0.7668851880586434,0.0872340202331543
credit-default,2,XGB_tuned,0.8181666666666667,0.8456666666666667,0.02749999999999997,0.7967517120238775,0.7795730769733165,0.08487105369567871
credit-default,2,XGB_early_stop,0.8178333333333333,0.841625,0.023791666666666655,0.7962808104276907,0.780924617699104,0.10985827445983887
credit-default,2,LGBM_default,0.8196666666666667,0.8440833333333333,0.024416666666666642,0.7986706691560247,0.7800771834413766,0.09153962135314941
credit-default,2,LGBM_early_stop,0.8195,0.8304583333333333,0.010958333333333292,0.7978510419670555,0.7835203789796955,0.08471536636352539
credit-default,2,AdaPrune,0.8181666666666667,0.832375,0.014208333333333267,0.7957598563152251,0.7785280961949961,0.24581313133239746
credit-default,3,RF_default,0.8211666666666667,0.9995,0.17833333333333334,0.8016186266406002,0.7649960789031442,0.37795019149780273
credit-default,3,XGB_default,0.8183333333333334,0.88675,0.06841666666666668,0.7973763334074188,0.7649289937173757,0.09611153602600098
credit-default,3,XGB_tuned,0.8248333333333333,0.8443333333333334,0.019500000000000073,0.8050443460377847,0.7819695984774242,0.0879220962524414
credit-default,3,XGB_early_stop,0.8268333333333333,0.8389166666666666,0.012083333333333335,0.8059695831375302,0.7818141414604026,0.10376787185668945
credit-default,3,LGBM_default,0.8265,0.8407083333333333,0.014208333333333267,0.8061598946109729,0.7841589783442247,0.1059107780456543
credit-default,3,LGBM_early_stop,0.8266666666666667,0.8287083333333334,0.0020416666666667194,0.8058300810334752,0.7837980729457863,0.08283591270446777
credit-default,3,AdaPrune,0.8261666666666667,0.8219166666666666,-0.004250000000000087,0.7987742610909426,0.7740515307758934,0.19692707061767578
credit-default,4,RF_default,0.8133333333333334,0.9995,0.1861666666666667,0.7929774607113317,0.7616781036695113,0.3713195323944092
credit-default,4,XGB_default,0.812,0.8894583333333334,0.0774583333333333,0.793681285038141,0.7611136044080127,0.0874025821685791
credit-default,4,XGB_tuned,0.8156666666666667,0.8472083333333333,0.03154166666666669,0.7961346507692312,0.7733772924064246,0.08494138717651367
credit-default,4,XGB_early_stop,0.8178333333333333,0.8390833333333333,0.02124999999999999,0.7958852303843317,0.7775687457860101,0.09405279159545898
credit-default,4,LGBM_default,0.8183333333333334,0.844375,0.02604166666666663,0.7987106428484232,0.7763117854964087,0.09420418739318848
credit-default,4,LGBM_early_stop,0.819,0.8345833333333333,0.015583333333333393,0.7985042223720181,0.7779784330803502,0.09026050567626953
credit-default,4,AdaPrune,0.8151666666666667,0.8424583333333333,0.027291666666666603,0.7936962324903903,0.7734605844700053,0.3305985927581787
credit-g,0,RF_default,0.775,1.0,0.22499999999999998,0.752232846485237,0.8122619047619047,0.13257884979248047
credit-g,0,XGB_default,0.775,1.0,0.22499999999999998,0.7678993663104134,0.7832142857142858,0.028384923934936523
credit-g,0,XGB_tuned,0.755,0.9725,0.21750000000000003,0.7455519760135243,0.7836904761904762,0.02743220329284668
credit-g,0,XGB_early_stop,0.78,0.955,0.17499999999999993,0.7633193674820922,0.8071428571428572,0.039475440979003906
credit-g,0,LGBM_default,0.76,1.0,0.24,0.7515981735159818,0.7727380952380952,0.05524778366088867
credit-g,0,LGBM_early_stop,0.785,0.85625,0.07124999999999992,0.7655220017256255,0.7929761904761904,0.028768301010131836
credit-g,0,AdaPrune,0.745,0.87,0.125,0.7100804230472623,0.7929761904761905,0.07198619842529297
credit-g,1,RF_default,0.77,1.0,0.22999999999999998,0.7566521910777735,0.76375,0.13602876663208008
credit-g,1,XGB_default,0.75,1.0,0.25,0.7394429469901168,0.7670238095238094,0.037151336669921875
credit-g,1,XGB_tuned,0.745,0.97125,0.22624999999999995,0.7351663423814232,0.753452380952381,0.029583454132080078
credit-g,1,XGB_early_stop,0.73,0.8775,0.14749999999999996,0.706907894736842,0.7328571428571428,0.020016908645629883
credit-g,1,LGBM_default,0.755,1.0,0.245,0.7455519760135243,0.7514285714285714,0.04395484924316406
credit-g,1,LGBM_early_stop,0.74,0.85125,0.11124999999999996,0.7122529644268775,0.7277380952380953,0.0249025821685791
credit-g,1,AdaPrune,0.75,0.8975,0.14749999999999996,0.741248097412481,0.7639285714285715,0.08742070198059082
credit-g,2,RF_default,0.745,1.0,0.255,0.7291168581741116,0.7601785714285714,0.1328747272491455
credit-g,2,XGB_default,0.775,1.0,0.22499999999999998,0.7646489104116222,0.7775000000000001,0.03440117835998535
credit-g,2,XGB_tuned,0.72,0.965,0.245,0.7081761006289308,0.7714285714285715,0.03003239631652832
credit-g,2,XGB_early_stop,0.755,0.91875,0.16374999999999995,0.7397397264810093,0.7551190476190478,0.028398513793945312
credit-g,2,LGBM_default,0.75,1.0,0.25,0.741248097412481,0.7535714285714286,0.05005383491516113
credit-g,2,LGBM_early_stop,0.75,0.97,0.21999999999999997,0.7394429469901168,0.7521428571428572,0.04256558418273926
credit-g,2,AdaPrune,0.72,0.87375,0.15375000000000005,0.7060291060291061,0.7423809523809524,0.07874178886413574
credit-g,3,RF_default,0.745,1.0,0.255,0.7163341512856075,0.8185119047619048,0.13779401779174805
credit-g,3,XGB_default,0.745,1.0,0.255,0.7386327503974561,0.7867857142857143,0.03545832633972168
credit-g,3,XGB_tuned,0.79,0.96875,0.17874999999999996,0.781132075471698,0.8059523809523809,0.026456594467163086
credit-g,3,XGB_early_stop,0.79,0.9425,0.15249999999999997,0.7795218295218295,0.8285714285714286,0.03497958183288574
credit-g,3,LGBM_default,0.79,1.0,0.20999999999999996,0.7795218295218295,0.8124999999999999,0.049135446548461914
credit-g,3,LGBM_early_stop,0.78,0.965,0.18499999999999994,0.7707097933513027,0.8308333333333333,0.04028749465942383
credit-g,3,AdaPrune,0.775,0.88875,0.11375000000000002,0.7628714327743453,0.8345238095238096,0.07473874092102051
credit-g,4,RF_default,0.76,1.0,0.24,0.7316129032258064,0.7874404761904762,0.13790059089660645
credit-g,4,XGB_default,0.75,1.0,0.25,0.7375259875259874,0.7869047619047619,0.033597707748413086
credit-g,4,XGB_tuned,0.76,0.96625,0.20625000000000004,0.748024948024948,0.778452380952381,0.03099513053894043
credit-g,4,XGB_early_stop,0.775,0.96,0.18499999999999994,0.7646489104116222,0.7759523809523811,0.0395665168762207
credit-g,4,LGBM_default,0.77,1.0,0.22999999999999998,0.7602875112309075,0.7925,0.04876232147216797
credit-g,4,LGBM_early_stop,0.79,0.9425,0.15249999999999997,0.781132075471698,0.7926190476190476,0.035399436950683594
credit-g,4,AdaPrune,0.735,0.78375,0.04874999999999996,0.6874027632648323,0.739047619047619,0.0681304931640625
diabetes,0,RF_default,0.7922077922077922,1.0,0.20779220779220775,0.7865535824719498,0.856111111111111,0.12233209609985352
diabetes,0,XGB_default,0.7467532467532467,1.0,0.2532467532467533,0.7450067174205105,0.8049999999999999,0.02853703498840332
diabetes,0,XGB_tuned,0.7532467532467533,0.9755700325732899,0.22232327932653662,0.7509206479794716,0.8355555555555555,0.028461456298828125
diabetes,0,XGB_early_stop,0.7727272727272727,0.9250814332247557,0.15235416049748296,0.7686942607304208,0.8475925925925926,0.028532028198242188
diabetes,0,LGBM_default,0.7662337662337663,1.0,0.23376623376623373,0.765185682988784,0.8181481481481482,0.03335237503051758
diabetes,0,LGBM_early_stop,0.8051948051948052,0.8745928338762216,0.06939802868141631,0.8033584062995828,0.8472222222222222,0.020995140075683594
diabetes,0,AdaPrune,0.7467532467532467,0.8615635179153095,0.11481027116206277,0.7371540246262263,0.8363888888888888,0.03600168228149414
diabetes,1,RF_default,0.7792207792207793,1.0,0.22077922077922074,0.7746353646353646,0.8404629629629631,0.13231420516967773
diabetes,1,XGB_default,0.7727272727272727,1.0,0.2272727272727273,0.7699825630206876,0.8287037037037037,0.035713911056518555
diabetes,1,XGB_tuned,0.7597402597402597,0.9674267100977199,0.20768645035746014,0.7554767899150163,0.8487037037037037,0.025419950485229492
diabetes,1,XGB_early_stop,0.7727272727272727,0.9283387622149837,0.15561148948771097,0.7672901261418008,0.8566666666666667,0.026656150817871094
diabetes,1,LGBM_default,0.7727272727272727,1.0,0.2272727272727273,0.7672901261418008,0.8351851851851851,0.031697750091552734
diabetes,1,LGBM_early_stop,0.7857142857142857,0.8843648208469055,0.09865053513261979,0.7791497113820854,0.862962962962963,0.01852273941040039
diabetes,1,AdaPrune,0.7662337662337663,0.8859934853420195,0.11975971910825323,0.756472201491092,0.8546296296296296,0.03805112838745117
diabetes,2,RF_default,0.7662337662337663,1.0,0.23376623376623373,0.7613786213786214,0.8239814814814815,0.1266191005706787
diabetes,2,XGB_default,0.7597402597402597,1.0,0.24025974025974028,0.7539924190641895,0.7868518518518519,0.03510761260986328
diabetes,2,XGB_tuned,0.7272727272727273,0.9690553745928339,0.24178264732010657,0.7260499634869146,0.7881481481481482,0.027640581130981445
diabetes,2,XGB_early_stop,0.7662337662337663,0.9218241042345277,0.15559033800076139,0.7598727802809436,0.8116666666666666,0.02683424949645996
diabetes,2,LGBM_default,0.7337662337662337,1.0,0.26623376623376627,0.7331844237967826,0.788888888888889,0.036322832107543945
diabetes,2,LGBM_early_stop,0.7597402597402597,0.8859934853420195,0.12625322560175978,0.7539924190641895,0.8087037037037037,0.02202606201171875
diabetes,2,AdaPrune,0.7077922077922078,0.7719869706840391,0.06419476289183135,0.6544630267218964,0.7513888888888888,0.025829553604125977
diabetes,3,RF_default,0.738562091503268,1.0,0.261437908496732,0.7329188085490607,0.8011320754716982,0.1333928108215332
diabetes,3,XGB_default,0.7450980392156863,1.0,0.2549019607843137,0.7466649864901019,0.7945283018867925,0.028818607330322266
diabetes,3,XGB_tuned,0.7647058823529411,0.9707317073170731,0.20602582496413202,0.7636082612786166,0.7913207547169812,0.0297548770904541
diabetes,3,XGB_early_stop,0.7516339869281046,0.9219512195121952,0.1703172325840906,0.7428100639426117,0.8052830188679245,0.021028995513916016
diabetes,3,LGBM_default,0.7516339869281046,1.0,0.24836601307189543,0.7526792984309324,0.7832075471698114,0.03377175331115723
diabetes,3,LGBM_early_stop,0.7777777777777778,0.8731707317073171,0.09539295392953928,0.7767411356520268,0.814056603773585,0.020361661911010742
diabetes,3,AdaPrune,0.7058823529411765,0.8032520325203252,0.09736967957914866,0.6731133204968822,0.8062264150943396,0.030988216400146484
diabetes,4,RF_default,0.7712418300653595,1.0,0.2287581699346405,0.7696007317110529,0.7972641509433962,0.14120888710021973
diabetes,4,XGB_default,0.7124183006535948,1.0,0.2875816993464052,0.7042872704637411,0.7420754716981132,0.0295257568359375
diabetes,4,XGB_tuned,0.7058823529411765,0.975609756097561,0.26972740315638444,0.6985703964415145,0.7503773584905661,0.028710126876831055
diabetes,4,XGB_early_stop,0.7516339869281046,0.9252032520325203,0.17356926510441573,0.7477999873088393,0.7931132075471699,0.025578022003173828
diabetes,4,LGBM_default,0.6928104575163399,1.0,0.30718954248366015,0.6889529699024423,0.7609433962264152,0.03260922431945801
diabetes,4,LGBM_early_stop,0.7320261437908496,0.9040650406504065,0.17203889685955687,0.7301037142900905,0.7869811320754716,0.020156145095825195
diabetes,4,AdaPrune,0.7058823529411765,0.9382113821138212,0.23232902917264464,0.6985703964415145,0.7871698113207547,0.06455659866333008
dry-bean,0,RF_default,0.9855072463768116,1.0,0.01449275362318836,0.9853324131585002,0.9964857796665577,0.12557339668273926
dry-bean,0,XGB_default,0.9855072463768116,1.0,0.01449275362318836,0.9853324131585002,0.998597036068432,0.025855541229248047
dry-bean,0,XGB_tuned,0.9855072463768116,1.0,0.01449275362318836,0.9853324131585002,0.9988558352402745,0.02942967414855957
dry-bean,0,XGB_early_stop,0.9855072463768116,1.0,0.01449275362318836,0.9853324131585002,0.996417674621336,0.04209613800048828
dry-bean,0,LGBM_default,0.9855072463768116,1.0,0.01449275362318836,0.9853324131585002,1.0,0.04991459846496582
dry-bean,0,LGBM_early_stop,0.9855072463768116,1.0,0.01449275362318836,0.9853324131585002,1.0,0.04467916488647461
dry-bean,1,RF_default,1.0,1.0,0.0,1.0,1.0,0.12102031707763672
dry-bean,1,XGB_default,0.9855072463768116,1.0,0.01449275362318836,0.9853324131585002,0.9993598125749156,0.027816295623779297
dry-bean,1,XGB_tuned,0.9710144927536232,0.9963636363636363,0.02534914361001317,0.9702596618357486,0.9989784243216738,0.026769399642944336
dry-bean,1,XGB_early_stop,0.9855072463768116,1.0,0.01449275362318836,0.9853324131585002,0.9993598125749156,0.10477590560913086
dry-bean,1,LGBM_default,0.9855072463768116,1.0,0.01449275362318836,0.9856568376406818,1.0,0.05296182632446289
dry-bean,1,LGBM_early_stop,1.0,1.0,0.0,1.0,1.0,0.09575319290161133
dry-bean,2,RF_default,1.0,1.0,0.0,1.0,1.0,0.131072998046875
dry-bean,2,XGB_default,0.9855072463768116,1.0,0.01449275362318836,0.9856343014933212,0.9996283909327388,0.028650999069213867
dry-bean,2,XGB_tuned,0.9855072463768116,0.9963636363636363,0.0108563899868247,0.9856343014933212,0.9996283909327388,0.02765202522277832
dry-bean,2,XGB_early_stop,0.9855072463768116,1.0,0.01449275362318836,0.9856343014933212,0.9996283909327388,0.058310747146606445
dry-bean,2,LGBM_default,0.9565217391304348,1.0,0.04347826086956519,0.9562953651123923,0.9989932772541468,0.049900054931640625
dry-bean,2,LGBM_early_stop,0.9855072463768116,1.0,0.01449275362318836,0.9853576551129415,0.9989932772541468,0.05137944221496582
dry-bean,3,RF_default,0.9565217391304348,1.0,0.04347826086956519,0.9569715776263835,0.9988851727982162,0.12261152267456055
dry-bean,3,XGB_default,0.9565217391304348,1.0,0.04347826086956519,0.9569715776263835,0.995380223641093,0.025868654251098633
dry-bean,3,XGB_tuned,0.9420289855072463,1.0,0.05797101449275366,0.9419956688322505,0.9947451099625014,0.03256845474243164
dry-bean,3,XGB_early_stop,0.9565217391304348,1.0,0.04347826086956519,0.9569715776263835,0.9960153373196852,0.08078885078430176
dry-bean,3,LGBM_default,0.9710144927536232,1.0,0.02898550724637683,0.9707792961442776,0.9981841829667918,0.04735755920410156
dry-bean,3,LGBM_early_stop,0.9855072463768116,1.0,0.01449275362318836,0.9854781541982439,0.9981841829667918,0.05379080772399902
dry-bean,4,RF_default,1.0,1.0,0.0,1.0,1.0,0.1249537467956543
dry-bean,4,XGB_default,1.0,1.0,0.0,1.0,1.0,0.03350043296813965
dry-bean,4,XGB_tuned,1.0,1.0,0.0,1.0,1.0,0.03271150588989258
dry-bean,4,XGB_early_stop,1.0,1.0,0.0,1.0,1.0,0.09379768371582031
dry-bean,4,LGBM_default,1.0,1.0,0.0,1.0,1.0,0.050809383392333984
dry-bean,4,LGBM_early_stop,1.0,1.0,0.0,1.0,1.0,0.09912705421447754
eeg-eye-state,0,RF_default,0.9365821094793058,1.0,0.06341789052069424,0.9363985741428538,0.9841793046667819,0.20225143432617188
eeg-eye-state,0,XGB_default,0.9339118825100133,0.9942423230974633,0.06033044058744996,0.9338194841340282,0.9827567414677736,0.0623326301574707
eeg-eye-state,0,XGB_tuned,0.8981975967957276,0.9438417890520694,0.045644192256341753,0.8979774009399463,0.9636808378012222,0.05416059494018555
eeg-eye-state,0,XGB_early_stop,0.9355807743658211,0.9905707610146862,0.05498998664886512,0.9355150381705677,0.9837723754756139,0.20742392539978027
eeg-eye-state,0,LGBM_default,0.9102136181575434,0.9563584779706275,0.04614485981308403,0.9100764080142438,0.9704015875417964,0.06086301803588867
eeg-eye-state,0,LGBM_early_stop,0.9435914552736983,0.9984145527369827,0.0548230974632844,0.9435245563863114,0.9865431871901302,0.18195295333862305
eeg-eye-state,0,AdaPrune,0.8805073431241656,0.9209779706275033,0.04047062750333774,0.8801371595595583,0.9540919916695493,0.2271432876586914
eeg-eye-state,1,RF_default,0.9259012016021362,1.0,0.07409879839786382,0.9256716464307877,0.9833586904041277,0.1987926959991455
eeg-eye-state,1,XGB_default,0.9355807743658211,0.9924065420560748,0.056825767690253715,0.9355043750447225,0.9825959515161997,0.06646609306335449
eeg-eye-state,1,XGB_tuned,0.8948598130841121,0.9337449933244326,0.038885180240320505,0.8944268296261708,0.9623837087801221,0.0570068359375
eeg-eye-state,1,XGB_early_stop,0.9345794392523364,0.9919058744993324,0.05732643524699599,0.9344649768907147,0.983852094863369,0.21646666526794434
eeg-eye-state,1,LGBM_default,0.914218958611482,0.9546061415220294,0.04038718291054744,0.9139836086122725,0.9716356616799263,0.05605340003967285
eeg-eye-state,1,LGBM_early_stop,0.9412550066755674,0.9971628838451269,0.05590787716955947,0.9412115528658965,0.9860648708635997,0.21047401428222656
eeg-eye-state,1,AdaPrune,0.8895193591455274,0.9243991989319092,0.03487983978638187,0.8890394476478723,0.958226140032284,0.2499098777770996
eeg-eye-state,2,RF_default,0.9289052069425902,1.0,0.07109479305740984,0.9286970013554959,0.9810607067024828,0.19811773300170898
eeg-eye-state,2,XGB_default,0.9332443257676902,0.9939085447263017,0.060664218958611515,0.9331572310314922,0.9831315480760787,0.06137275695800781
eeg-eye-state,2,XGB_tuned,0.8985313751668892,0.9401702269692924,0.04163885180240323,0.8982988168317563,0.9655430188755716,0.05573463439941406
eeg-eye-state,2,XGB_early_stop,0.937917222963952,0.9935747663551402,0.055657543391188224,0.9378517256712977,0.985556573801166,0.20816874504089355
eeg-eye-state,2,LGBM_default,0.9092122830440588,0.9532710280373832,0.044058744993324406,0.9090127770274273,0.9714126168887167,0.05767250061035156
eeg-eye-state,2,LGBM_early_stop,0.9459279038718291,0.997413217623498,0.05148531375166887,0.9458796073342248,0.9867193252258967,0.18635272979736328
eeg-eye-state,2,AdaPrune,0.8835113484646195,0.9185580774365821,0.03504672897196259,0.8832388247903125,0.9583089217079205,0.23129034042358398
eeg-eye-state,3,RF_default,0.9202269692923899,1.0,0.0797730307076101,0.9200093131468298,0.9790173354438787,0.20260334014892578
eeg-eye-state,3,XGB_default,0.9269025367156208,0.9940754339118825,0.06717289719626163,0.9267978131354685,0.9815162152486158,0.06610488891601562
eeg-eye-state,3,XGB_tuned,0.8798397863818425,0.9382510013351135,0.05841121495327106,0.8794818072426325,0.9532242484559318,0.054492950439453125
eeg-eye-state,3,XGB_early_stop,0.9235647530040053,0.9930740987983978,0.0695093457943925,0.9234552475252161,0.9787719057279693,0.21650910377502441
eeg-eye-state,3,LGBM_default,0.8895193591455274,0.9533544726301736,0.06383511348464621,0.8892288177895952,0.960577683008383,0.06133270263671875
eeg-eye-state,3,LGBM_early_stop,0.9332443257676902,0.9980807743658211,0.06483644859813087,0.9331341382317124,0.9815427847040994,0.1751999855041504
eeg-eye-state,3,AdaPrune,0.8467957276368492,0.9017022696929239,0.0549065420560747,0.8460085445630634,0.9322924711620083,0.15544819831848145
eeg-eye-state,4,RF_default,0.9332443257676902,1.0,0.06675567423230977,0.9330849609678828,0.9840232009889243,0.19971299171447754
eeg-eye-state,4,XGB_default,0.9385847797062751,0.9925734312416555,0.05398865153538046,0.9384994269854359,0.9830522900393814,0.06440043449401855
eeg-eye-state,4,XGB_tuned,0.8931909212283045,0.937082777036048,0.043891855807743574,0.8929858640162771,0.9618885929221672,0.05540156364440918
eeg-eye-state,4,XGB_early_stop,0.9322429906542056,0.9917389853137517,0.059495994659546136,0.9321797535146346,0.9843812131433242,0.2186901569366455
eeg-eye-state,4,LGBM_default,0.9042056074766355,0.9532710280373832,0.0490654205607477,0.9041006137416339,0.9712779682922821,0.05574536323547363
eeg-eye-state,4,LGBM_early_stop,0.9389185580774366,0.9983311081441922,0.05941255006675561,0.9388807526186105,0.9861888367757291,0.17995238304138184
eeg-eye-state,4,AdaPrune,0.8791722296395194,0.9139686248331108,0.034796395193591456,0.878749531883229,0.9535561414846022,0.1986401081085205
electricity,0,RF_default,0.9129427341939755,0.9999724130320836,0.08702967883810808,0.9127289014754811,0.9715391741398454,0.3027336597442627
electricity,0,XGB_default,0.9099635882158226,0.9398604099423432,0.02989682172652064,0.9099450190392496,0.9708592378055465,0.07030606269836426
electricity,0,XGB_tuned,0.8742138364779874,0.8857623658583685,0.01154852938038109,0.8739177163263269,0.9503756106944026,0.06769919395446777
electricity,0,XGB_early_stop,0.9111773143550701,0.9411294104664957,0.029952096111425575,0.9111697220657169,0.9717167015824734,0.26462244987487793
electricity,0,LGBM_default,0.8843650005516936,0.8949488261745152,0.010583825622821563,0.8842370910569548,0.9558973993537752,0.08590865135192871
electricity,0,LGBM_early_stop,0.9162528963919232,0.9446329553918729,0.028380058999949664,0.9162796009202873,0.9746003701540613,0.23690485954284668
electricity,0,AdaPrune,0.8867924528301887,0.9009903721481972,0.014197919318008512,0.8866881979757807,0.9583659651612672,0.33697938919067383
electricity,1,RF_default,0.908529184596712,1.0,0.09147081540328805,0.9083632173217289,0.9709717341428752,0.2956695556640625
electricity,1,XGB_default,0.9153701864724705,0.9431432591243897,0.027773072651919195,0.9153424038047122,0.9715055622773745,0.062003135681152344
electricity,1,XGB_tuned,0.8733311265585347,0.8865623879279428,0.01323126136940811,0.8729807029979368,0.9495163778720825,0.06872367858886719
electricity,1,XGB_early_stop,0.9046673286991063,0.9405776711081685,0.03591034240906221,0.9046208939332774,0.9689586850660676,0.2469792366027832
electricity,1,LGBM_default,0.884033984331899,0.8948384783028497,0.010804493970950735,0.8838861152200713,0.9559652958142892,0.09632372856140137
electricity,1,LGBM_early_stop,0.91603221891206,0.9476123479268393,0.03158012901477936,0.9159778078485115,0.9738478531263767,0.25930190086364746
electricity,1,AdaPrune,0.8968332781639634,0.9182322270959199,0.021398948931956485,0.8966939117464925,0.9622346681071514,0.3435046672821045
electricity,2,RF_default,0.9057603178106378,1.0,0.09423968218936218,0.905561107292551,0.9679675687072717,0.308760404586792
electricity,2,XGB_default,0.9042154049878613,0.9417931034482758,0.03757769846041448,0.9041989515358052,0.9673911336821336,0.06441926956176758
electricity,2,XGB_tuned,0.8669167954094019,0.8908413793103448,0.023924583900942875,0.866823265447697,0.9458546847402104,0.0650331974029541
electricity,2,XGB_early_stop,0.904325755903774,0.9395034482758621,0.03517769237208812,0.9043142779832495,0.9662143379271517,0.2728617191314697
electricity,2,LGBM_default,0.879938203487089,0.8983448275862069,0.018406624099117974,0.8799134174452607,0.9507597781987482,0.10307812690734863
electricity,2,LGBM_early_stop,0.9134848819245199,0.9487448275862069,0.035259945661687,0.9134670213943792,0.971226648449901,0.2709171772003174
electricity,2,AdaPrune,0.8794967998234385,0.9008827586206897,0.021385958797251137,0.8794121110023921,0.952382364662133,0.2921864986419678
electricity,3,RF_default,0.9074155815493269,1.0,0.09258441845067311,0.9071495079393175,0.9702664550903308,0.3036937713623047
electricity,3,XGB_default,0.904877510483337,0.9405241379310345,0.03564662744769753,0.9047968102090321,0.9687308485325941,0.06874918937683105
electricity,3,XGB_tuned,0.8717722357095564,0.8889103448275862,0.01713810911802982,0.8714064238733503,0.9487325980997506,0.0710451602935791
electricity,3,XGB_early_stop,0.9074155815493269,0.9425103448275862,0.03509476327825933,0.9073043966868672,0.9697623953219267,0.2600526809692383
electricity,3,LGBM_default,0.8821452218053409,0.8973517241379311,0.015206502332590133,0.8820365823213521,0.9540525782314468,0.08908462524414062
electricity,3,LGBM_early_stop,0.911277863606268,0.9470344827586207,0.03575661915235273,0.911218716259275,0.9721741312788463,0.23456144332885742
electricity,3,AdaPrune,0.9018980357536968,0.9272275862068966,0.025329550453199845,0.901735206521035,0.9655095514653121,0.37123823165893555
electricity,4,RF_default,0.905981019642463,0.9999724137931034,0.0939913941506404,0.9058009992947117,0.9700737036317973,0.29387545585632324
electricity,4,XGB_default,0.9012359302582211,0.9397793103448275,0.038543380086606405,0.9011503314776849,0.9678414353827774,0.07012367248535156
electricity,4,XGB_tuned,0.8700066210549547,0.8887448275862069,0.018738206531252133,0.8697370370141358,0.9475291849982841,0.06364083290100098
electricity,4,XGB_early_stop,0.903774001324211,0.9382620689655172,0.034488067641306186,0.9036958823918523,0.968199348971606,0.2634584903717041
electricity,4,LGBM_default,0.8807106598984772,0.8985931034482758,0.01788244354979862,0.8805402613233756,0.9542941780037538,0.08551549911499023
electricity,4,LGBM_early_stop,0.9146987419995586,0.9472827586206897,0.032584016621131084,0.9145736271164376,0.9734007473293554,0.26828908920288086
electricity,4,AdaPrune,0.8770690796733613,0.8955586206896552,0.018489541016293853,0.8767491309088995,0.9520688382400551,0.3326990604400635
ionosphere,0,RF_default,0.9436619718309859,1.0,0.05633802816901412,0.9431475811390081,0.9914529914529914,0.12393808364868164
ionosphere,0,XGB_default,0.9436619718309859,1.0,0.05633802816901412,0.9425132354410148,0.9965811965811966,0.029325246810913086
ionosphere,0,XGB_tuned,0.9577464788732394,1.0,0.04225352112676062,0.9571345121419763,0.9888888888888889,0.03032374382019043
ionosphere,0,XGB_early_stop,0.9577464788732394,1.0,0.04225352112676062,0.9571345121419763,0.9931623931623932,0.061040401458740234
ionosphere,0,LGBM_default,0.9577464788732394,1.0,0.04225352112676062,0.9575643908701075,0.9905982905982906,0.025032997131347656
ionosphere,0,LGBM_early_stop,0.9577464788732394,1.0,0.04225352112676062,0.9575643908701075,0.9914529914529915,0.030765771865844727
ionosphere,0,AdaPrune,0.9295774647887324,0.9571428571428572,0.027565392354124807,0.927684809867041,0.9756410256410256,0.06545686721801758
ionosphere,1,RF_default,0.9285714285714286,1.0,0.0714285714285714,0.9282350302758465,0.9675555555555556,0.12984824180603027
ionosphere,1,XGB_default,0.9285714285714286,1.0,0.0714285714285714,0.9282350302758465,0.9644444444444444,0.023852109909057617
ionosphere,1,XGB_tuned,0.9285714285714286,1.0,0.0714285714285714,0.9282350302758465,0.9573333333333334,0.0241544246673584
ionosphere,1,XGB_early_stop,0.9571428571428572,1.0,0.042857142857142816,0.9564663202274731,0.9626666666666667,0.03820514678955078
ionosphere,1,LGBM_default,0.9428571428571428,1.0,0.05714285714285716,0.942287784679089,0.959111111111111,0.02133321762084961
ionosphere,1,LGBM_early_stop,0.9571428571428572,1.0,0.042857142857142816,0.9564663202274731,0.9608888888888889,0.022308826446533203
ionosphere,1,AdaPrune,0.9285714285714286,0.9608540925266904,0.0322826639552618,0.9282350302758465,0.9404444444444444,0.07941508293151855
ionosphere,2,RF_default,0.9285714285714286,1.0,0.0714285714285714,0.9274438670457889,0.987111111111111,0.12903904914855957
ionosphere,2,XGB_default,0.8857142857142857,1.0,0.11428571428571432,0.8814935064935064,0.9546666666666667,0.0262606143951416
ionosphere,2,XGB_tuned,0.8857142857142857,1.0,0.11428571428571432,0.8814935064935064,0.9484444444444444,0.026907682418823242
ionosphere,2,XGB_early_stop,0.9285714285714286,0.99644128113879,0.06786985256736144,0.9274438670457889,0.9653333333333334,0.04222702980041504
ionosphere,2,LGBM_default,0.9285714285714286,1.0,0.0714285714285714,0.9274438670457889,0.9608888888888889,0.022444486618041992
ionosphere,2,LGBM_early_stop,0.9428571428571428,1.0,0.05714285714285716,0.941588476278578,0.9626666666666667,0.020854711532592773
ionosphere,2,AdaPrune,0.8857142857142857,0.9501779359430605,0.06446365022877487,0.8814935064935064,0.9551111111111111,0.06411862373352051
ionosphere,3,RF_default,0.9714285714285714,1.0,0.02857142857142858,0.9711438923395447,0.984,0.12813353538513184
ionosphere,3,XGB_default,0.9714285714285714,1.0,0.02857142857142858,0.9714285714285714,0.9777777777777777,0.026709556579589844
ionosphere,3,XGB_tuned,0.9714285714285714,0.99644128113879,0.025012709710218628,0.9714285714285714,0.9795555555555555,0.025279760360717773
ionosphere,3,XGB_early_stop,0.9714285714285714,1.0,0.02857142857142858,0.9714285714285714,0.984,0.08355283737182617
ionosphere,3,LGBM_default,0.9571428571428572,1.0,0.042857142857142816,0.9564663202274731,0.9795555555555555,0.024060964584350586
ionosphere,3,LGBM_early_stop,0.9714285714285714,1.0,0.02857142857142858,0.9711438923395447,0.9768888888888888,0.020837783813476562
ionosphere,3,AdaPrune,0.9142857142857143,0.9501779359430605,0.03589222165734629,0.91496003996004,0.9662222222222222,0.06792140007019043
ionosphere,4,RF_default,0.9,1.0,0.09999999999999998,0.9004185944040538,0.9622222222222222,0.13669800758361816
ionosphere,4,XGB_default,0.8714285714285714,1.0,0.12857142857142856,0.8719667642337833,0.9333333333333333,0.023523330688476562
ionosphere,4,XGB_tuned,0.8857142857142857,1.0,0.11428571428571432,0.884575569358178,0.9377777777777778,0.025812864303588867
ionosphere,4,XGB_early_stop,0.8857142857142857,1.0,0.11428571428571432,0.8857142857142857,0.9048888888888889,0.03227400779724121
ionosphere,4,LGBM_default,0.9285714285714286,1.0,0.0714285714285714,0.9282350302758465,0.9502222222222222,0.022364139556884766
ionosphere,4,LGBM_early_stop,0.9142857142857143,0.9928825622775801,0.07859684799186584,0.9134316770186336,0.9404444444444444,0.01826763153076172
ionosphere,4,AdaPrune,0.9142857142857143,0.9750889679715302,0.06080325368581596,0.9134316770186336,0.9346666666666666,0.06783032417297363
kc1,0,RF_default,0.8649289099526066,0.988737403675163,0.12380849372255642,0.8432032599548211,0.8284205990088344,0.14029216766357422
kc1,0,XGB_default,0.8625592417061612,0.9851807943094251,0.1226215526032639,0.8462880457557251,0.7596423184658478,0.04740285873413086
kc1,0,XGB_tuned,0.8601895734597157,0.9359810314167161,0.07579145795700037,0.8394955696141678,0.8062486533074769,0.03399372100830078
kc1,0,XGB_early_stop,0.8578199052132701,0.9069353882631891,0.04911548304991897,0.8340062518906928,0.8050204697263521,0.04222416877746582
kc1,0,LGBM_default,0.8578199052132701,0.980438648488441,0.12261874327517086,0.8358735458853942,0.7675285498814911,0.05951404571533203
kc1,0,LGBM_early_stop,0.8601895734597157,0.920569057498518,0.060379484038802334,0.8273255090020947,0.7916181857358329,0.034328460693359375
kc1,0,AdaPrune,0.8578199052132701,0.9247184350918791,0.066898529878609,0.8340062518906928,0.8285067873303168,0.13180160522460938
kc1,1,RF_default,0.8507109004739336,0.990515708358032,0.13980480788409844,0.8246911675224452,0.8273432449903038,0.14720559120178223
kc1,1,XGB_default,0.8530805687203792,0.9875518672199171,0.13447129849953787,0.830402664081574,0.7879336349924585,0.03821253776550293
kc1,1,XGB_tuned,0.8412322274881516,0.941908713692946,0.10067648620479441,0.80650577001031,0.809222150398621,0.0449831485748291
kc1,1,XGB_early_stop,0.8459715639810427,0.94665085951393,0.10067929553288735,0.8097653912734943,0.794203835380306,0.059224843978881836
kc1,1,LGBM_default,0.8507109004739336,0.9851807943094251,0.13446989383549146,0.832191755084115,0.7680241327300151,0.0569918155670166
kc1,1,LGBM_early_stop,0.8436018957345972,0.9330171902786011,0.08941529454400388,0.8027527653714422,0.7953673777203188,0.04383707046508789
kc1,1,AdaPrune,0.8388625592417062,0.8867812685240071,0.04791870928230091,0.7800130693274617,0.7771816418875243,0.09234809875488281
kc1,2,RF_default,0.8672985781990521,0.9875518672199171,0.12025328902086496,0.851588457971045,0.8329239388062917,0.15958762168884277
kc1,2,XGB_default,0.8625592417061612,0.9869590989922941,0.1243998572861329,0.8492347196565053,0.7979961215255333,0.0447843074798584
kc1,2,XGB_tuned,0.8672985781990521,0.9312388855957321,0.06394030739668,0.8450725017646465,0.8280327515621634,0.03583073616027832
kc1,2,XGB_early_stop,0.8578199052132701,0.919383521043272,0.061563615830001917,0.8320489409928493,0.8313510019392373,0.043804168701171875
kc1,2,LGBM_default,0.8672985781990521,0.983402489626556,0.11610391142750387,0.8500687968200581,0.8114414996767937,0.0549929141998291
kc1,2,LGBM_early_stop,0.8601895734597157,0.947243627741553,0.08705405428183732,0.8377016199532362,0.841413488472312,0.04379725456237793
kc1,2,AdaPrune,0.8459715639810427,0.8452874925903971,-0.0006840713906455242,0.7753834360493767,0.7846584787761258,0.0989389419555664
kc1,3,RF_default,0.8625592417061612,0.98814463544754,0.1255853937413789,0.8451258174735512,0.8463568266939054,0.1399538516998291
kc1,3,XGB_default,0.8507109004739336,0.9869590989922941,0.13624819851836045,0.8358026254670508,0.7973272046305754,0.04874014854431152
kc1,3,XGB_tuned,0.8767772511848341,0.9365737996443391,0.059796548459504995,0.8582099014974145,0.8204162410623086,0.036580562591552734
kc1,3,XGB_early_stop,0.8578199052132701,0.9270895080023711,0.06926960278910099,0.8345825835719898,0.8241615594143684,0.04247641563415527
kc1,3,LGBM_default,0.8436018957345972,0.981031416716064,0.13742952098146677,0.8331828727828141,0.7839419475655431,0.06267309188842773
kc1,3,LGBM_early_stop,0.8720379146919431,0.9235328986366331,0.05149498394468999,0.8476233170094392,0.8174157303370786,0.035360097885131836
kc1,3,AdaPrune,0.8601895734597157,0.8832246591582691,0.023035085698553392,0.8208477433226335,0.8318649982975825,0.10119795799255371
kc1,4,RF_default,0.8598574821852731,0.9917061611374408,0.13184867895216767,0.8455507574875109,0.7882022471910113,0.13799715042114258
kc1,4,XGB_default,0.850356294536817,0.9887440758293838,0.1383877812925668,0.838084675349679,0.7501512532411408,0.046175479888916016
kc1,4,XGB_tuned,0.850356294536817,0.9389810426540285,0.08862474811721144,0.8318010429140655,0.7774848746758859,0.03734230995178223
kc1,4,XGB_early_stop,0.8527315914489311,0.8945497630331753,0.04181817158424428,0.8216896339797478,0.7767286084701815,0.03406476974487305
kc1,4,LGBM_default,0.831353919239905,0.9828199052132701,0.15146598597336514,0.8206345330172959,0.748941227312014,0.05629920959472656
kc1,4,LGBM_early_stop,0.8551068883610451,0.8821090047393365,0.02700211637829142,0.8159459526217646,0.7727744165946414,0.03117990493774414
kc1,4,AdaPrune,0.8646080760095012,0.9265402843601895,0.061932208350688356,0.84101940021886,0.7513180639585134,0.1307978630065918
letter,0,RF_default,0.96125,1.0,0.03874999999999995,0.9613305279761944,0.9995457461689631,0.20492124557495117
letter,0,XGB_default,0.9625,1.0,0.03749999999999998,0.9625556136531568,0.999504473324372,1.0986428260803223
letter,0,XGB_tuned,0.9435,0.99075,0.047250000000000014,0.9436035148999978,0.9990296034490939,1.1179847717285156
letter,0,XGB_early_stop,0.962,1.0,0.038000000000000034,0.9620804412216767,0.9995660446356237,3.4112091064453125
letter,0,LGBM_default,0.96525,1.0,0.03474999999999995,0.9654059064555397,0.9996618209095912,1.8593072891235352
letter,0,LGBM_early_stop,0.9645,1.0,0.035499999999999976,0.9646556558271968,0.999657925653271,2.5981109142303467
letter,1,RF_default,0.959,1.0,0.041000000000000036,0.9590276190600038,0.9994398136418122,0.22734546661376953
letter,1,XGB_default,0.96075,1.0,0.03925000000000001,0.9607795640224452,0.9995772174715821,1.0656447410583496
letter,1,XGB_tuned,0.94125,0.9908125,0.049562499999999954,0.9413433158453929,0.9990194994821242,1.1051385402679443
letter,1,XGB_early_stop,0.96075,1.0,0.03925000000000001,0.960841492586104,0.9996002973087685,3.3688154220581055
letter,1,LGBM_default,0.964,1.0,0.03600000000000003,0.9640977033085836,0.9995707002092965,1.8535587787628174
letter,1,LGBM_early_stop,0.966,1.0,0.03400000000000003,0.9660783560241553,0.9995772885778027,2.7289047241210938
letter,2,RF_default,0.961,1.0,0.039000000000000035,0.9610451285599645,0.9995446719062213,0.23264098167419434
letter,2,XGB_default,0.96,1.0,0.040000000000000036,0.9600240818785301,0.9996491948517823,1.0923919677734375
letter,2,XGB_tuned,0.944,0.9910625,0.04706250000000001,0.944056116206033,0.9991147830495213,1.0941548347473145
letter,2,XGB_early_stop,0.96125,1.0,0.03874999999999995,0.9613091474400498,0.9996029987432931,3.424750566482544
letter,2,LGBM_default,0.96525,1.0,0.03474999999999995,0.9653016972705468,0.9995970976794287,2.017317056655884
letter,2,LGBM_early_stop,0.96775,1.0,0.03225,0.9678167404564675,0.9996353879061687,3.32436203956604
letter,3,RF_default,0.96725,1.0,0.032749999999999946,0.9672540888991411,0.9994906060429375,0.24778103828430176
letter,3,XGB_default,0.964,1.0,0.03600000000000003,0.9640140803542879,0.9996793540011583,1.1542928218841553
letter,3,XGB_tuned,0.94975,0.9906875,0.04093750000000007,0.949851341721759,0.9993267475962921,1.230231761932373
letter,3,XGB_early_stop,0.96475,1.0,0.035250000000000004,0.9647787213465171,0.9997173740843517,3.6299502849578857
letter,3,LGBM_default,0.96825,1.0,0.031749999999999945,0.9683139816129723,0.9997368415294254,2.02593994140625
letter,3,LGBM_early_stop,0.9685,1.0,0.03149999999999997,0.9685572945866204,0.9997407366933818,2.8859143257141113
letter,4,RF_default,0.966,1.0,0.03400000000000003,0.9660264700162932,0.999622122568584,0.25380611419677734
letter,4,XGB_default,0.96425,1.0,0.03574999999999995,0.964279781644384,0.9996697465499286,1.2101106643676758
letter,4,XGB_tuned,0.94575,0.99075,0.04500000000000004,0.9457651038805533,0.9993117974723295,1.209263801574707
letter,4,XGB_early_stop,0.96175,1.0,0.038250000000000006,0.9617553368694173,0.9997271862518923,3.6994595527648926
letter,4,LGBM_default,0.96875,1.0,0.03125,0.9687415058546541,0.9997322474168187,2.0443971157073975
letter,4,LGBM_early_stop,0.968,1.0,0.03200000000000003,0.9679982803309772,0.9997271805468236,2.8224427700042725
magic,0,RF_default,0.8845951629863302,1.0,0.11540483701366977,0.8828286879033923,0.9390502122406187,0.37337350845336914
magic,0,XGB_default,0.8851209253417456,0.9677313354363828,0.08261041009463721,0.8833888818301372,0.9339132949852035,0.07695913314819336
magic,0,XGB_tuned,0.8811777076761304,0.921267087276551,0.040089379600420694,0.8787778364192469,0.9333757582133525,0.07686996459960938
magic,0,XGB_early_stop,0.8827549947423764,0.9458464773922187,0.06309148264984232,0.8807829819323018,0.936500323340647,0.229597806930542
magic,0,LGBM_default,0.8796004206098843,0.92448738170347,0.0448869610935857,0.8773453942703131,0.936394816969184,0.07225704193115234
magic,0,LGBM_early_stop,0.879863301787592,0.9520241850683491,0.0721608832807571,0.8778849638706557,0.9376439153899537,0.1598045825958252
magic,0,AdaPrune,0.880651945320715,0.9022082018927445,0.02155625657202953,0.878211909101878,0.9327966858872192,0.24169921875
magic,1,RF_default,0.882229232386961,0.999934279705573,0.11770504731861198,0.879966224840327,0.9355974555986442,0.37058568000793457
magic,1,XGB_default,0.8774973711882229,0.9679284963196635,0.09043112513144058,0.8755514765264923,0.9365594432901738,0.08034777641296387
magic,1,XGB_tuned,0.880651945320715,0.9153522607781283,0.034700315457413256,0.8780324981231956,0.9345114676027223,0.0792996883392334
magic,1,XGB_early_stop,0.8845951629863302,0.9462407991587802,0.06164563617245,0.8824197050855671,0.9377306246492596,0.2500298023223877
magic,1,LGBM_default,0.8777602523659306,0.9214642481598317,0.04370399579390116,0.8756319699564655,0.9359485371450644,0.07631826400756836
magic,1,LGBM_early_stop,0.8801261829652997,0.9419689800210305,0.061842797055730814,0.8781381256257418,0.9379425469298706,0.14896011352539062
magic,1,AdaPrune,0.8811777076761304,0.9081887486855941,0.02701104100946372,0.8785396738727255,0.9346315265771459,0.24857473373413086
magic,2,RF_default,0.8838065194532071,1.0,0.1161934805467929,0.8816904417741754,0.9404377864821059,0.37294769287109375
magic,2,XGB_default,0.8877497371188223,0.9662197686645636,0.07847003154574128,0.8861372937740737,0.9395815982261598,0.07083654403686523
magic,2,XGB_tuned,0.8840694006309149,0.9163380651945321,0.03226866456361721,0.881718130888952,0.9400616698004672,0.07919430732727051
magic,2,XGB_early_stop,0.8885383806519453,0.9529442691903259,0.06440588853838058,0.8867454554896184,0.9430039266460333,0.27457618713378906
magic,2,LGBM_default,0.8898527865404837,0.9200184016824395,0.030165615141955815,0.8877000517341481,0.9385147725054767,0.07069993019104004
magic,2,LGBM_early_stop,0.8922187171398528,0.9608964248159831,0.06867770767613035,0.8903330277501232,0.941417023386517,0.19143223762512207
magic,2,AdaPrune,0.8811777076761304,0.8949789695057834,0.013801261829653022,0.8782071541339485,0.9311032129638721,0.16217517852783203
magic,3,RF_default,0.870925341745531,0.999934279705573,0.12900893796004198,0.8685591759115776,0.9294516030874905,0.38350987434387207
magic,3,XGB_default,0.8761829652996845,0.9672712933753943,0.09108832807570977,0.8743198214016873,0.9299659221920359,0.07732963562011719
magic,3,XGB_tuned,0.8719768664563617,0.919689800210305,0.047712933753943254,0.8694119218503009,0.930548433281568,0.0863037109375
magic,3,XGB_early_stop,0.8761829652996845,0.935922712933754,0.05973974763406942,0.8737932963968338,0.9312449007549005,0.2062063217163086
magic,3,LGBM_default,0.8793375394321766,0.922910094637224,0.043572555205047325,0.8772121477288705,0.9308909085839465,0.07706856727600098
magic,3,LGBM_early_stop,0.8803890641430073,0.9392087276550999,0.05881966351209256,0.8784789459237419,0.93161040979443,0.14058852195739746
magic,3,AdaPrune,0.8711882229232387,0.9022082018927445,0.031019978969505813,0.8683011711796894,0.9277728679548587,0.22169852256774902
magic,4,RF_default,0.879074658254469,1.0,0.12092534174553105,0.8775134853836373,0.9362530716700793,0.3838162422180176
magic,4,XGB_default,0.8840694006309149,0.9611593059936908,0.07708990536277593,0.8825855185414431,0.9364359777275886,0.07973432540893555
magic,4,XGB_tuned,0.879074658254469,0.9175867507886435,0.038512092534174536,0.8771013368154242,0.9343783982339184,0.10173344612121582
magic,4,XGB_early_stop,0.8835436382754994,0.9524185068349106,0.06887486855941116,0.8817377661720867,0.9377079855542099,0.3579709529876709
magic,4,LGBM_default,0.879863301787592,0.9217271293375394,0.04186382754994744,0.8780279976462435,0.9370494025169814,0.08021688461303711
magic,4,LGBM_early_stop,0.8845951629863302,0.9413117770767613,0.05671661409043105,0.8830411662135819,0.9389866610415857,0.15610361099243164
magic,4,AdaPrune,0.8777602523659306,0.9012223974763407,0.023462145110410115,0.8755487161086595,0.9328408962790815,0.18226242065429688
mushroom,0,RF_default,1.0,1.0,0.0,1.0,1.0,0.1876811981201172
mushroom,0,XGB_default,1.0,1.0,0.0,1.0,1.0,0.035988807678222656
mushroom,0,XGB_tuned,1.0,1.0,0.0,1.0,1.0,0.031941890716552734
mushroom,0,XGB_early_stop,1.0,1.0,0.0,1.0,1.0,0.1419980525970459
mushroom,0,LGBM_default,1.0,1.0,0.0,1.0,1.0,0.05752873420715332
mushroom,0,LGBM_early_stop,1.0,1.0,0.0,1.0,1.0,0.10191798210144043
mushroom,0,AdaPrune,1.0,1.0,0.0,1.0,1.0,0.14629220962524414
mushroom,1,RF_default,1.0,1.0,0.0,1.0,1.0,0.1829218864440918
mushroom,1,XGB_default,1.0,1.0,0.0,1.0,1.0,0.029058218002319336
mushroom,1,XGB_tuned,1.0,1.0,0.0,1.0,0.9999999999999999,0.03626513481140137
mushroom,1,XGB_early_stop,1.0,1.0,0.0,1.0,1.0,0.13366222381591797
mushroom,1,LGBM_default,1.0,1.0,0.0,1.0,1.0,0.05754685401916504
mushroom,1,LGBM_early_stop,1.0,1.0,0.0,1.0,1.0,0.1046757698059082
mushroom,1,AdaPrune,1.0,1.0,0.0,1.0,1.0,0.15052223205566406
mushroom,2,RF_default,1.0,1.0,0.0,1.0,1.0,0.17557668685913086
mushroom,2,XGB_default,1.0,1.0,0.0,1.0,1.0,0.02778768539428711
mushroom,2,XGB_tuned,1.0,1.0,0.0,1.0,1.0,0.03831982612609863
mushroom,2,XGB_early_stop,1.0,1.0,0.0,1.0,1.0,0.11438798904418945
mushroom,2,LGBM_default,1.0,1.0,0.0,1.0,1.0,0.05729031562805176
mushroom,2,LGBM_early_stop,1.0,1.0,0.0,1.0,1.0,0.10049891471862793
mushroom,2,AdaPrune,1.0,1.0,0.0,1.0,1.0,0.1626875400543213
mushroom,3,RF_default,1.0,1.0,0.0,1.0,1.0,0.17862653732299805
mushroom,3,XGB_default,1.0,1.0,0.0,1.0,1.0,0.028594017028808594
mushroom,3,XGB_tuned,1.0,1.0,0.0,1.0,1.0,0.0317533016204834
mushroom,3,XGB_early_stop,1.0,1.0,0.0,1.0,1.0,0.12361717224121094
mushroom,3,LGBM_default,1.0,1.0,0.0,1.0,1.0,0.053047895431518555
mushroom,3,LGBM_early_stop,1.0,1.0,0.0,1.0,1.0,0.10333395004272461
mushroom,3,AdaPrune,1.0,1.0,0.0,1.0,1.0,0.21743559837341309
mushroom,4,RF_default,1.0,1.0,0.0,1.0,1.0,0.23771071434020996
mushroom,4,XGB_default,1.0,1.0,0.0,1.0,1.0,0.03913736343383789
mushroom,4,XGB_tuned,1.0,1.0,0.0,1.0,1.0,0.03330278396606445
mushroom,4,XGB_early_stop,1.0,1.0,0.0,1.0,1.0000000000000002,0.14323878288269043
mushroom,4,LGBM_default,1.0,1.0,0.0,1.0,1.0,0.0676126480102539
mushroom,4,LGBM_early_stop,1.0,1.0,0.0,1.0,1.0,0.10456585884094238
mushroom,4,AdaPrune,1.0,1.0,0.0,1.0,1.0,0.1568899154663086
phoneme,0,RF_default,0.9010175763182239,1.0,0.09898242368177612,0.9012423521409368,0.9629791732042876,0.18374919891357422
phoneme,0,XGB_default,0.8917668825161887,0.9925977330557483,0.10083085053955954,0.8924811346538463,0.9573389267841512,0.05153918266296387
phoneme,0,XGB_tuned,0.8806660499537465,0.9474901688642147,0.06682411891046813,0.8815528708959595,0.9502679736403126,0.05520367622375488
phoneme,0,XGB_early_stop,0.8973172987974098,0.9923664122137404,0.0950491134163306,0.898164706161474,0.9607453713643946,0.18851828575134277
phoneme,0,LGBM_default,0.8926919518963923,0.9747860282211427,0.08209407632475041,0.8932639190364758,0.9565626703222291,0.06546688079833984
phoneme,0,LGBM_early_stop,0.8963922294172063,0.9935230164237798,0.09713078700657352,0.8970324171967706,0.9584661502634317,0.1202688217163086
phoneme,0,AdaPrune,0.877890841813136,0.9070090215128384,0.029118179699702318,0.8771886899326361,0.9446814045287133,0.07194089889526367
phoneme,1,RF_default,0.9121184088806661,1.0,0.08788159111933391,0.9110219529769932,0.9622648520983699,0.19214105606079102
phoneme,1,XGB_default,0.8936170212765957,0.9965301873698821,0.10291316609328638,0.8926269961100083,0.9499025550398864,0.0600438117980957
phoneme,1,XGB_tuned,0.8843663274745606,0.9444829979181124,0.060116670443551845,0.8837587302019543,0.9429451500487225,0.05713510513305664
phoneme,1,XGB_early_stop,0.8889916743755781,0.9865833911635439,0.09759171678796574,0.8879008292361821,0.9478669463392075,0.18860483169555664
phoneme,1,LGBM_default,0.8908418131359852,0.9754799907471663,0.08463817761118109,0.8902141319094777,0.950905907807158,0.05935835838317871
phoneme,1,LGBM_early_stop,0.8908418131359852,0.9958362248438585,0.10499441170787327,0.8893021499082673,0.9543619006722049,0.13952255249023438
phoneme,1,AdaPrune,0.8686401480111008,0.9215822345593337,0.05294208654823296,0.8683946206653882,0.9378024509884884,0.10336875915527344
phoneme,2,RF_default,0.9074930619796485,1.0,0.09250693802035148,0.9073201553981608,0.959395180603498,0.20062780380249023
phoneme,2,XGB_default,0.8945420906567992,0.9956049040018505,0.1010628133450513,0.8944441536143257,0.9513642294415909,0.06394743919372559
phoneme,2,XGB_tuned,0.8908418131359852,0.9447143187601202,0.053872505624135036,0.8911383314532098,0.9471402381620889,0.054952144622802734
phoneme,2,XGB_early_stop,0.9056429232192414,0.9925977330557483,0.08695480983650683,0.9055552953391336,0.9544816423604804,0.1873798370361328
phoneme,2,LGBM_default,0.8945420906567992,0.9787184825352764,0.08417639187847714,0.8946387975685629,0.9514757130823988,0.05918264389038086
phoneme,2,LGBM_early_stop,0.8973172987974098,0.9965301873698821,0.09921288857247224,0.8972697692035351,0.9547995771879697,0.1320347785949707
phoneme,2,AdaPrune,0.8741905642923219,0.9234328012953967,0.04924223700307484,0.8738356057244739,0.9393301897699308,0.09479522705078125
phoneme,3,RF_default,0.9130434782608695,1.0,0.08695652173913049,0.9126319989466131,0.9561314572566089,0.1885688304901123
phoneme,3,XGB_default,0.8954671600370028,0.9939856581077955,0.09851849807079271,0.8957030384443633,0.9544251836098816,0.06101250648498535
phoneme,3,XGB_tuned,0.8991674375578168,0.9477214897062225,0.04855405214840569,0.8993048239017928,0.9473321958175688,0.0504915714263916
phoneme,3,XGB_early_stop,0.902867715078631,0.9895905621096461,0.08672284703101518,0.9027328337987162,0.9561190929548209,0.1879441738128662
phoneme,3,LGBM_default,0.8954671600370028,0.9747860282211427,0.07931886818413991,0.8951241582173188,0.9497185060626294,0.05757617950439453
phoneme,3,LGBM_early_stop,0.9056429232192414,0.9932916955817719,0.08764877236253044,0.9051964243888779,0.9529620745649827,0.10961008071899414
phoneme,3,AdaPrune,0.8852913968547641,0.928059218135554,0.04276782128078993,0.8856010198059492,0.9386627595473018,0.11661887168884277
phoneme,4,RF_default,0.9148148148148149,1.0,0.08518518518518514,0.9138890296285037,0.963891909323565,0.1846764087677002
phoneme,4,XGB_default,0.9092592592592592,0.9939870490286772,0.08472778976941797,0.9085553909216281,0.9563817076044668,0.056888580322265625
phoneme,4,XGB_tuned,0.9009259259259259,0.9440333024976874,0.04310737657176145,0.9003073602178046,0.951420385246681,0.048986196517944336
phoneme,4,XGB_early_stop,0.899074074074074,0.9851988899167438,0.08612481584266973,0.8981356358331652,0.9586308404066631,0.17440223693847656
phoneme,4,LGBM_default,0.9083333333333333,0.9740980573543015,0.06576472402096822,0.9077610155286229,0.9546824546969251,0.056163787841796875
phoneme,4,LGBM_early_stop,0.9120370370370371,0.9951433857539316,0.08310634871689448,0.9114878431840321,0.9575476183585463,0.11844182014465332
phoneme,4,AdaPrune,0.887962962962963,0.9246068455134135,0.03664388255045059,0.8866860253911613,0.9445675587399895,0.0853586196899414
satimage,0,RF_default,0.9175738724727839,1.0,0.08242612752721612,0.9152492205140821,0.9907907931213011,0.20952820777893066
satimage,0,XGB_default,0.9230171073094868,1.0,0.07698289269051317,0.9208811693284696,0.992307025851595,0.3568408489227295
satimage,0,XGB_tuned,0.9175738724727839,0.995334370139969,0.07776049766718507,0.9159941218488803,0.9919181364679086,0.35335826873779297
satimage,0,XGB_early_stop,0.9175738724727839,1.0,0.08242612752721612,0.9161069222815531,0.9924003079911189,0.7032217979431152
satimage,0,LGBM_default,0.9253499222395023,1.0,0.0746500777604977,0.9237193177470724,0.9933240412485115,0.3867616653442383
satimage,0,LGBM_early_stop,0.9183514774494557,1.0,0.08164852255054433,0.9166420715662222,0.9928255189300242,0.41383862495422363
satimage,1,RF_default,0.9191290824261276,1.0,0.08087091757387244,0.9171349497889182,0.9919940154610518,0.21879935264587402
satimage,1,XGB_default,0.9237947122861586,1.0,0.07620528771384139,0.9225759956776276,0.9930244560555118,0.3363769054412842
satimage,1,XGB_tuned,0.916796267496112,0.9951399688958009,0.07834370139968894,0.9159279611434314,0.9920820322868665,0.3559262752532959
satimage,1,XGB_early_stop,0.9191290824261276,0.999611197511664,0.08048211508553649,0.9177117872166681,0.9924644859456336,0.5783741474151611
satimage,1,LGBM_default,0.9183514774494557,1.0,0.08164852255054433,0.9176984230110509,0.9927497667889691,0.39577174186706543
satimage,1,LGBM_early_stop,0.9144634525660964,1.0,0.0855365474339036,0.9137616634646148,0.9923405135672003,0.36848998069763184
satimage,2,RF_default,0.9245723172628305,1.0,0.07542768273716949,0.9219768981620008,0.9923813098848693,0.2061936855316162
satimage,2,XGB_default,0.916796267496112,1.0,0.08320373250388802,0.9151353952367915,0.9919357704566878,0.3730602264404297
satimage,2,XGB_tuned,0.9097978227060654,0.994945567651633,0.08514774494556765,0.9073641308623143,0.9911368413477749,0.3550541400909424
satimage,2,XGB_early_stop,0.9090202177293935,0.9980559875583204,0.08903576982892691,0.9064344065861651,0.9910293053720141,0.5250282287597656
satimage,2,LGBM_default,0.926905132192846,1.0,0.07309486780715402,0.9253973116403035,0.9922957274585983,0.3788566589355469
satimage,2,LGBM_early_stop,0.9222395023328149,1.0,0.07776049766718507,0.9204142697162546,0.9919395533517202,0.32937026023864746
satimage,3,RF_default,0.9082426127527217,0.9998055987558321,0.09156298600311041,0.9052115469227492,0.9914417135839793,0.19373726844787598
satimage,3,XGB_default,0.9206842923794712,1.0,0.07931570762052875,0.9197853619142742,0.9919158461385845,0.3583657741546631
satimage,3,XGB_tuned,0.916796267496112,0.994751166407465,0.07795489891135299,0.9154487903966998,0.9903442587433973,0.4039876461029053
satimage,3,XGB_early_stop,0.9160186625194401,0.9990279937791602,0.0830093312597201,0.914753840471639,0.9909298269296231,0.6744186878204346
satimage,3,LGBM_default,0.9245723172628305,1.0,0.07542768273716949,0.9230318491693009,0.9918644059734701,0.4309957027435303
satimage,3,LGBM_early_stop,0.9175738724727839,1.0,0.08242612752721612,0.9157323391085909,0.991610693038903,0.42803263664245605
satimage,4,RF_default,0.9090202177293935,1.0,0.09097978227060655,0.9064751067361972,0.9917977170985772,0.2179553508758545
satimage,4,XGB_default,0.9206842923794712,1.0,0.07931570762052875,0.9195890961669986,0.9936258121367147,0.36580610275268555
satimage,4,XGB_tuned,0.9129082426127527,0.994751166407465,0.08184292379471225,0.9112692794449291,0.9929387216428761,0.39230918884277344
satimage,4,XGB_early_stop,0.9175738724727839,1.0,0.08242612752721612,0.9164534876677901,0.9933313096241989,0.8074395656585693
satimage,4,LGBM_default,0.9136858475894246,1.0,0.08631415241057538,0.9132494339751996,0.9936913651463695,0.452625036239624
satimage,4,LGBM_early_stop,0.9144634525660964,0.9998055987558321,0.08534214618973568,0.9138990100338549,0.9931491541525009,0.3361625671386719
segment,0,RF_default,0.9805194805194806,1.0,0.01948051948051943,0.9806883148611572,0.9996255848528575,0.1572117805480957
segment,0,XGB_default,0.9805194805194806,1.0,0.01948051948051943,0.9805506682586302,0.9996720451265905,0.18855905532836914
segment,0,XGB_tuned,0.9783549783549783,1.0,0.02164502164502169,0.9784346167538397,0.999628317810136,0.23395252227783203
segment,0,XGB_early_stop,0.9805194805194806,1.0,0.01948051948051943,0.9805668129158867,0.9997103065284885,0.651879072189331
segment,0,LGBM_default,0.9783549783549783,1.0,0.02164502164502169,0.9784962909265063,0.9995572609208973,0.4010121822357178
segment,0,LGBM_early_stop,0.9805194805194806,1.0,0.01948051948051943,0.9805927955145094,0.999693908784818,0.34987807273864746
segment,1,RF_default,0.9805194805194806,1.0,0.01948051948051943,0.9805000711487195,0.9994342778433689,0.16629886627197266
segment,1,XGB_default,0.9848484848484849,1.0,0.015151515151515138,0.9848474908176401,0.9992129083038174,0.20167994499206543
segment,1,XGB_tuned,0.9805194805194806,1.0,0.01948051948051943,0.9805478103985568,0.999382351655079,0.238295316696167
segment,1,XGB_early_stop,0.9848484848484849,1.0,0.015151515151515138,0.9848474908176401,0.9992730333639426,0.5220534801483154
segment,1,LGBM_default,0.9805194805194806,1.0,0.01948051948051943,0.9804687935043161,0.999349556167738,0.4325287342071533
segment,1,LGBM_early_stop,0.9826839826839827,1.0,0.017316017316017285,0.9826669571030473,0.9991363855000217,0.4514191150665283
segment,2,RF_default,0.9783549783549783,1.0,0.02164502164502169,0.9782353975401691,0.9993714198259652,0.1754136085510254
segment,2,XGB_default,0.9848484848484849,1.0,0.015151515151515138,0.9847728864272982,0.9996009882373519,0.1837306022644043
segment,2,XGB_tuned,0.9805194805194806,1.0,0.01948051948051943,0.9803888381636773,0.9994206130569766,0.22123384475708008
segment,2,XGB_early_stop,0.9848484848484849,1.0,0.015151515151515138,0.9847728864272982,0.9996775110411473,0.5183377265930176
segment,2,LGBM_default,0.9891774891774892,1.0,0.010822510822510845,0.9891236718680796,0.9998305566487384,0.41960883140563965
segment,2,LGBM_early_stop,0.9891774891774892,1.0,0.010822510822510845,0.9891236718680796,0.9998141589050681,0.47944021224975586
segment,3,RF_default,0.9761904761904762,1.0,0.023809523809523836,0.9762386783852661,0.9991063229699594,0.16442322731018066
segment,3,XGB_default,0.9783549783549783,1.0,0.02164502164502169,0.9785399513968556,0.9991965105601469,0.1897716522216797
segment,3,XGB_tuned,0.9783549783549783,1.0,0.02164502164502169,0.9784965670461854,0.9991582491582492,0.23960280418395996
segment,3,XGB_early_stop,0.9761904761904762,1.0,0.023809523809523836,0.9763795205655671,0.999256635620272,0.579472541809082
segment,3,LGBM_default,0.9783549783549783,1.0,0.02164502164502169,0.9784469982943266,0.9992238401329311,0.4063429832458496
segment,3,LGBM_early_stop,0.9805194805194806,1.0,0.01948051948051943,0.9805821044627014,0.9990817263544536,0.3954601287841797
segment,4,RF_default,0.9805194805194806,1.0,0.01948051948051943,0.9804560534539247,0.9994534085443175,0.1792161464691162
segment,4,XGB_default,0.9891774891774892,1.0,0.010822510822510845,0.9891243952594831,0.9997758975031703,0.185652494430542
segment,4,XGB_tuned,0.9891774891774892,1.0,0.010822510822510845,0.9891443191104557,0.9998688180506362,0.23048162460327148
segment,4,XGB_early_stop,0.987012987012987,1.0,0.012987012987012991,0.986961910270181,0.9998469543924089,0.518873929977417
segment,4,LGBM_default,0.9935064935064936,1.0,0.00649350649350644,0.9934898463567465,0.9999726704272157,0.40712618827819824
segment,4,LGBM_early_stop,0.9956709956709957,1.0,0.0043290043290042934,0.9956708714385349,0.9999726704272157,0.42612314224243164
sonar,0,RF_default,0.8095238095238095,1.0,0.19047619047619047,0.8041456582633053,0.9477272727272726,0.15068483352661133
sonar,0,XGB_default,0.8571428571428571,1.0,0.1428571428571429,0.8571428571428571,0.9363636363636363,0.04100298881530762
sonar,0,XGB_tuned,0.9047619047619048,1.0,0.09523809523809523,0.9047619047619048,0.95,0.03683018684387207
sonar,0,XGB_early_stop,0.9047619047619048,1.0,0.09523809523809523,0.9047619047619048,0.9431818181818181,0.11136794090270996
sonar,0,LGBM_default,0.9047619047619048,1.0,0.09523809523809523,0.9043260324724856,0.9772727272727273,0.017481565475463867
sonar,0,LGBM_early_stop,0.9047619047619048,1.0,0.09523809523809523,0.9043260324724856,0.9795454545454545,0.04173111915588379
sonar,0,AdaPrune,0.7857142857142857,0.9819277108433735,0.1962134251290878,0.7838659328021029,0.8954545454545454,0.10381317138671875
sonar,1,RF_default,0.8095238095238095,1.0,0.19047619047619047,0.8041456582633053,0.9590909090909091,0.1436631679534912
sonar,1,XGB_default,0.7857142857142857,1.0,0.2142857142857143,0.7853479853479854,0.9090909090909092,0.03842759132385254
sonar,1,XGB_tuned,0.8571428571428571,1.0,0.1428571428571429,0.8564890487087284,0.9727272727272727,0.03728008270263672
sonar,1,XGB_early_stop,0.9285714285714286,1.0,0.0714285714285714,0.9284493284493285,0.9818181818181818,0.12337946891784668
sonar,1,LGBM_default,0.9047619047619048,1.0,0.09523809523809523,0.9047619047619048,0.9886363636363636,0.01919865608215332
sonar,1,LGBM_early_stop,0.9285714285714286,1.0,0.0714285714285714,0.9286119439267483,0.9909090909090909,0.02954697608947754
sonar,1,AdaPrune,0.7619047619047619,0.9397590361445783,0.17785427423981648,0.7551820728291316,0.8840909090909091,0.07844805717468262
sonar,2,RF_default,0.7619047619047619,1.0,0.23809523809523814,0.7619047619047619,0.8592677345537757,0.1513371467590332
sonar,2,XGB_default,0.7380952380952381,1.0,0.26190476190476186,0.7373524565810442,0.8627002288329519,0.039156198501586914
sonar,2,XGB_tuned,0.7857142857142857,1.0,0.2142857142857143,0.7851065553844908,0.8443935926773456,0.04102468490600586
sonar,2,XGB_early_stop,0.7142857142857143,0.9939759036144579,0.27969018932874357,0.7142857142857143,0.8043478260869565,0.03313565254211426
sonar,2,LGBM_default,0.7619047619047619,1.0,0.23809523809523814,0.7602813852813852,0.8558352402745996,0.021809816360473633
sonar,2,LGBM_early_stop,0.7142857142857143,1.0,0.2857142857142857,0.7123376623376623,0.8352402745995423,0.014036417007446289
sonar,2,AdaPrune,0.6666666666666666,0.9819277108433735,0.31526104417670686,0.6605644546147978,0.780320366132723,0.07791304588317871
sonar,3,RF_default,0.9024390243902439,1.0,0.09756097560975607,0.9007651841224295,0.9461722488038278,0.173600435256958
sonar,3,XGB_default,0.8780487804878049,1.0,0.12195121951219512,0.8750320527324013,0.9641148325358851,0.04349780082702637
sonar,3,XGB_tuned,0.8536585365853658,1.0,0.14634146341463417,0.848719512195122,0.9330143540669856,0.03614163398742676
sonar,3,XGB_early_stop,0.8780487804878049,1.0,0.12195121951219512,0.8750320527324013,0.9449760765550239,0.11364269256591797
sonar,3,LGBM_default,0.9024390243902439,1.0,0.09756097560975607,0.9007651841224295,0.9712918660287081,0.019951343536376953
sonar,3,LGBM_early_stop,0.926829268292683,1.0,0.07317073170731703,0.9260286159092594,0.9808612440191388,0.030155181884765625
sonar,3,AdaPrune,0.7560975609756098,0.9640718562874252,0.20797429531181544,0.7478658536585366,0.861244019138756,0.07416462898254395
sonar,4,RF_default,0.8536585365853658,1.0,0.14634146341463417,0.8527748320961471,0.9210526315789473,0.1372525691986084
sonar,4,XGB_default,0.9024390243902439,1.0,0.09756097560975607,0.901849888064098,0.9521531100478469,0.04181838035583496
sonar,4,XGB_tuned,0.9024390243902439,1.0,0.09756097560975607,0.9024390243902439,0.9545454545454546,0.03917098045349121
sonar,4,XGB_early_stop,0.926829268292683,1.0,0.07317073170731703,0.9266534827510439,0.964114832535885,0.12035536766052246
sonar,4,LGBM_default,0.926829268292683,1.0,0.07317073170731703,0.9266534827510439,0.9665071770334928,0.021094083786010742
sonar,4,LGBM_early_stop,0.9512195121951219,1.0,0.04878048780487809,0.9512195121951219,0.9688995215311005,0.025928258895874023
sonar,4,AdaPrune,0.8292682926829268,0.9640718562874252,0.1348035636044984,0.8288581264191021,0.8971291866028708,0.07857441902160645
spambase,0,RF_default,0.9576547231270358,0.9991847826086957,0.04153005948165989,0.9575805672219951,0.9842511132833713,0.21078157424926758
spambase,0,XGB_default,0.9424538545059717,0.9978260869565218,0.05537223245055001,0.9423826552652823,0.9869639701017999,0.11116719245910645
spambase,0,XGB_tuned,0.9435396308360477,0.9798913043478261,0.03635167351177837,0.9433654950648914,0.9867566179882895,0.10262632369995117
spambase,0,XGB_early_stop,0.9489685124864278,0.9934782608695653,0.04450974838313748,0.9488523571340957,0.9872898091373165,0.3032963275909424
spambase,0,LGBM_default,0.9533116178067318,0.9989130434782608,0.04560142567152903,0.953277338905986,0.987850153539303,0.12214183807373047
spambase,0,LGBM_early_stop,0.9522258414766558,0.9940217391304348,0.041795897653779,0.9521788140847576,0.9871096102767657,0.14028263092041016
spambase,0,AdaPrune,0.9478827361563518,0.9790760869565217,0.03119335080016994,0.947777859972406,0.9864678061158999,0.3048439025878906
spambase,1,RF_default,0.9630434782608696,0.9997283346916599,0.036684856430790336,0.9629884834368531,0.9929002774604211,0.17540454864501953
spambase,1,XGB_default,0.9576086956521739,0.9980983428416191,0.040489647189445255,0.9576386865739713,0.9908106691197927,0.10486173629760742
spambase,1,XGB_tuned,0.9554347826086956,0.976093452866069,0.020658670257373335,0.955333662933769,0.9913448175240244,0.1076803207397461
spambase,1,XGB_early_stop,0.9586956521739131,0.9926650366748166,0.03396938450090359,0.9586551254078262,0.9919036950210445,0.3181025981903076
spambase,1,LGBM_default,0.967391304347826,0.9989133387666395,0.031522034418813405,0.9674218888334434,0.9934665736852778,0.13129305839538574
spambase,1,LGBM_early_stop,0.9652173913043478,0.9975550122249389,0.032337620920591115,0.9652500147556727,0.9937484853430668,0.17191243171691895
spambase,1,AdaPrune,0.9565217391304348,0.9731051344743277,0.01658339534389286,0.9564115286240455,0.9918196161055636,0.28617072105407715
spambase,2,RF_default,0.9510869565217391,0.9997283346916599,0.04864137816992076,0.9510266335934002,0.9852021108753605,0.18284368515014648
spambase,2,XGB_default,0.9543478260869566,0.9970116816082586,0.04266385552130203,0.9544315044560983,0.9844256173618015,0.11178231239318848
spambase,2,XGB_tuned,0.9532608695652174,0.9790817712578104,0.02582090169259299,0.9532939364789941,0.9828380096047797,0.10335302352905273
spambase,2,XGB_early_stop,0.9565217391304348,0.9885900570497147,0.03206831791927989,0.9565625184445912,0.9841288682483396,0.22490620613098145
spambase,2,LGBM_default,0.9543478260869566,0.9986416734582994,0.04429384737134279,0.9544704220418674,0.9840101686029545,0.12193155288696289
spambase,2,LGBM_early_stop,0.9543478260869566,0.9937516979081771,0.039403871821220515,0.9544704220418674,0.9836540696668001,0.15589094161987305
spambase,2,AdaPrune,0.9510869565217391,0.9747351263243684,0.023648169802629293,0.9511439739430452,0.9828429554233373,0.2885408401489258
spambase,3,RF_default,0.9532608695652174,0.9997283346916599,0.04646746512644251,0.9531026694760313,0.9855516940929523,0.19271445274353027
spambase,3,XGB_default,0.9532608695652174,0.997826677533279,0.044565807968061644,0.9532262844196366,0.988574031168934,0.11290550231933594
spambase,3,XGB_tuned,0.9456521739130435,0.9793534365661505,0.03370126265310702,0.9456255115669338,0.9875665854769401,0.10700631141662598
spambase,3,XGB_early_stop,0.9543478260869566,0.9894050529747351,0.03505722688777857,0.9542791434783257,0.9897077169844949,0.24796557426452637
spambase,3,LGBM_default,0.9521739130434783,0.9994566693833198,0.04728275633984147,0.9521019598344365,0.9891185964078496,0.12552285194396973
spambase,3,LGBM_early_stop,0.95,0.995653355066558,0.0456533550665581,0.9499503968253968,0.9890146339531476,0.15932416915893555
spambase,3,AdaPrune,0.95,0.9747351263243684,0.024735126324368473,0.9498718848107627,0.9881730331293689,0.2647256851196289
spambase,4,RF_default,0.9445652173913044,0.9991850040749797,0.05461978668367529,0.9442491748192043,0.9818511257648667,0.17069625854492188
spambase,4,XGB_default,0.9489130434782609,0.997826677533279,0.04891363405501814,0.9487114043065263,0.9857620942988969,0.09666109085083008
spambase,4,XGB_tuned,0.9467391304347826,0.9801684324911709,0.03342930205638828,0.9464672265985294,0.9846581120418226,0.08915209770202637
spambase,4,XGB_early_stop,0.95,0.9910350448247759,0.041035044824775935,0.9497299135723433,0.9856581318441948,0.24736571311950684
spambase,4,LGBM_default,0.9554347826086956,0.9983700081499592,0.04293522554126361,0.9552839406631928,0.9864254737717578,0.12110519409179688
spambase,4,LGBM_early_stop,0.9576086956521739,0.9948383591415376,0.03722966348936374,0.9574885725983789,0.9865838927503516,0.14066243171691895
spambase,4,AdaPrune,0.9489130434782609,0.9793534365661505,0.030440393087889595,0.9487401271017086,0.9845987049248499,0.27125096321105957
tic-tac-toe,0,RF_default,0.96875,1.0,0.03125,0.9683693244739756,0.9982563732563733,0.15030694007873535
tic-tac-toe,0,XGB_default,0.9947916666666666,1.0,0.00520833333333337,0.9948008717011653,1.0,0.023164749145507812
tic-tac-toe,0,XGB_tuned,0.984375,1.0,0.015625,0.9843462420420601,0.9987974987974988,0.026793479919433594
tic-tac-toe,0,XGB_early_stop,0.9895833333333334,1.0,0.01041666666666663,0.9896194029850746,1.0,0.10354232788085938
tic-tac-toe,0,LGBM_default,1.0,1.0,0.0,1.0,1.0,0.040433645248413086
tic-tac-toe,0,LGBM_early_stop,1.0,1.0,0.0,1.0,1.0,0.12479996681213379
tic-tac-toe,0,AdaPrune,0.953125,0.9921671018276762,0.0390421018276762,0.9528556771545827,0.9943482443482443,0.07644343376159668
tic-tac-toe,1,RF_default,0.984375,1.0,0.015625,0.9842887261261805,1.0,0.1533362865447998
tic-tac-toe,1,XGB_default,1.0,1.0,0.0,1.0,1.0,0.027736902236938477
tic-tac-toe,1,XGB_tuned,1.0,1.0,0.0,1.0,1.0,0.026903152465820312
tic-tac-toe,1,XGB_early_stop,1.0,1.0,0.0,1.0,1.0,0.10611963272094727
tic-tac-toe,1,LGBM_default,1.0,1.0,0.0,1.0,1.0,0.0416262149810791
tic-tac-toe,1,LGBM_early_stop,1.0,1.0,0.0,1.0,1.0,0.11104583740234375
tic-tac-toe,1,AdaPrune,0.9739583333333334,0.9908616187989556,0.016903285465622253,0.9737089603283174,0.9951044776119403,0.06755590438842773
tic-tac-toe,2,RF_default,0.9270833333333334,1.0,0.07291666666666663,0.9247632575757576,0.9933134328358209,0.14585471153259277
tic-tac-toe,2,XGB_default,1.0,1.0,0.0,1.0,1.0,0.0322420597076416
tic-tac-toe,2,XGB_tuned,0.984375,1.0,0.015625,0.9842887261261805,0.9996417910447761,0.031456708908081055
tic-tac-toe,2,XGB_early_stop,1.0,1.0,0.0,1.0,1.0,0.10868239402770996
tic-tac-toe,2,LGBM_default,1.0,1.0,0.0,1.0,1.0,0.041745901107788086
tic-tac-toe,2,LGBM_early_stop,1.0,1.0,0.0,1.0,1.0,0.13016915321350098
tic-tac-toe,2,AdaPrune,0.9166666666666666,0.9895561357702349,0.0728894691035683,0.914476702957494,0.9834029850746269,0.055845022201538086
tic-tac-toe,3,RF_default,0.9476439790575916,1.0,0.05235602094240843,0.9467667964111447,0.9930909090909091,0.15445661544799805
tic-tac-toe,3,XGB_default,1.0,1.0,0.0,1.0,1.0,0.031662940979003906
tic-tac-toe,3,XGB_tuned,0.9947643979057592,1.0,0.005235602094240788,0.9947548441779024,1.0,0.031259775161743164
tic-tac-toe,3,XGB_early_stop,0.9947643979057592,1.0,0.005235602094240788,0.9947735673631818,1.0,0.09197115898132324
tic-tac-toe,3,LGBM_default,1.0,1.0,0.0,1.0,1.0,0.03941607475280762
tic-tac-toe,3,LGBM_early_stop,1.0,1.0,0.0,1.0,1.0,0.11726188659667969
tic-tac-toe,3,AdaPrune,0.9790575916230366,0.9934810951760105,0.014423503552973838,0.9788952673455085,0.9985454545454546,0.07947659492492676
tic-tac-toe,4,RF_default,0.9267015706806283,1.0,0.0732984293193717,0.9242968777310777,0.9917575757575757,0.1429154872894287
tic-tac-toe,4,XGB_default,0.9947643979057592,1.0,0.005235602094240788,0.9947548441779024,1.0,0.0329432487487793
tic-tac-toe,4,XGB_tuned,0.9633507853403142,1.0,0.03664921465968585,0.9629886501329311,0.997090909090909,0.028331995010375977
tic-tac-toe,4,XGB_early_stop,1.0,1.0,0.0,1.0,1.0,0.10770869255065918
tic-tac-toe,4,LGBM_default,1.0,1.0,0.0,1.0,1.0,0.03969693183898926
tic-tac-toe,4,LGBM_early_stop,1.0,1.0,0.0,1.0,1.0,0.12021756172180176
tic-tac-toe,4,AdaPrune,0.9685863874345549,0.9947848761408083,0.02619848870625341,0.9682065725504861,0.9976969696969696,0.048940181732177734
vehicle,0,RF_default,0.7352941176470589,1.0,0.2647058823529411,0.7251596876232574,0.9318568889296079,0.15014195442199707
vehicle,0,XGB_default,0.7529411764705882,1.0,0.24705882352941178,0.7488880300245779,0.9248753125316348,0.11712765693664551
vehicle,0,XGB_tuned,0.7705882352941177,1.0,0.22941176470588232,0.7690689593168232,0.9351421456933268,0.11406874656677246
vehicle,0,XGB_early_stop,0.7529411764705882,1.0,0.24705882352941178,0.7476131711425829,0.9284596212803716,0.1580517292022705
vehicle,0,LGBM_default,0.7588235294117647,1.0,0.24117647058823533,0.7572465611319023,0.9263496587813399,0.1925182342529297
vehicle,0,LGBM_early_stop,0.7411764705882353,1.0,0.2588235294117647,0.7369100828135324,0.9266708120760921,0.12643098831176758
vehicle,1,RF_default,0.7455621301775148,1.0,0.2544378698224852,0.7378173866243729,0.9302576948419496,0.14567947387695312
vehicle,1,XGB_default,0.7692307692307693,1.0,0.23076923076923073,0.7652856210184519,0.93936280058016,0.10759735107421875
vehicle,1,XGB_tuned,0.7751479289940828,1.0,0.2248520710059172,0.7708119600791514,0.9417526360876833,0.11698222160339355
vehicle,1,XGB_early_stop,0.7633136094674556,1.0,0.23668639053254437,0.7596777643116847,0.9338050004654882,0.1869969367980957
vehicle,1,LGBM_default,0.7869822485207101,1.0,0.21301775147928992,0.7826432611279781,0.9362238505104986,0.19171667098999023
vehicle,1,LGBM_early_stop,0.7514792899408284,1.0,0.24852071005917165,0.7423954115783568,0.9313618768618557,0.13336396217346191
vehicle,2,RF_default,0.6982248520710059,1.0,0.30177514792899407,0.6861610085182452,0.9153090121337696,0.1538681983947754
vehicle,2,XGB_default,0.7396449704142012,1.0,0.2603550295857988,0.7361514534383764,0.9220849993172899,0.10583925247192383
vehicle,2,XGB_tuned,0.757396449704142,1.0,0.242603550295858,0.7505214254491719,0.9227807892528639,0.11239910125732422
vehicle,2,XGB_early_stop,0.7396449704142012,1.0,0.2603550295857988,0.733747790786593,0.9247432031640053,0.16211533546447754
vehicle,2,LGBM_default,0.7100591715976331,1.0,0.2899408284023669,0.7040465046987058,0.9184300221726447,0.18514490127563477
vehicle,2,LGBM_early_stop,0.7100591715976331,0.9985228951255539,0.2884637235279208,0.6999678378344134,0.9200911743057024,0.12819671630859375
vehicle,3,RF_default,0.7455621301775148,1.0,0.2544378698224852,0.739658635431482,0.935448312527743,0.14990663528442383
vehicle,3,XGB_default,0.7751479289940828,1.0,0.2248520710059172,0.7778315029827563,0.9342079367504409,0.10992932319641113
vehicle,3,XGB_tuned,0.7514792899408284,1.0,0.24852071005917165,0.7548257774841697,0.9339170088258025,0.1275038719177246
vehicle,3,XGB_early_stop,0.7396449704142012,1.0,0.2603550295857988,0.7406341769569114,0.9317351740830112,0.1349177360534668
vehicle,3,LGBM_default,0.7751479289940828,1.0,0.2248520710059172,0.7772868052120826,0.93070398847729,0.18589377403259277
vehicle,3,LGBM_early_stop,0.7810650887573964,0.9970457902511078,0.2159807014937114,0.7840183175449352,0.9342035854297627,0.11844348907470703
vehicle,4,RF_default,0.7396449704142012,1.0,0.2603550295857988,0.7366324842256076,0.9276745634378771,0.14840412139892578
vehicle,4,XGB_default,0.7159763313609467,1.0,0.28402366863905326,0.7144494506108383,0.918363482671175,0.09888839721679688
vehicle,4,XGB_tuned,0.7218934911242604,1.0,0.2781065088757396,0.7187363244434606,0.9269241606519714,0.11130475997924805
vehicle,4,XGB_early_stop,0.727810650887574,1.0,0.272189349112426,0.7226497876713928,0.9296937382144483,0.17539238929748535
vehicle,4,LGBM_default,0.7396449704142012,1.0,0.2603550295857988,0.7397974154833081,0.9176491463828743,0.17999649047851562
vehicle,4,LGBM_early_stop,0.727810650887574,0.9970457902511078,0.2692351393635338,0.7237636058148879,0.9225538721633396,0.11117696762084961
waveform,0,RF_default,0.866,1.0,0.134,0.8648184676485671,0.9701753224829226,0.19631695747375488
waveform,0,XGB_default,0.854,1.0,0.14600000000000002,0.8528039860776605,0.9670797565802866,0.4040374755859375
waveform,0,XGB_tuned,0.845,0.99925,0.15425,0.8442571547327467,0.9662323187863858,0.39578843116760254
waveform,0,XGB_early_stop,0.853,0.9965,0.14350000000000007,0.8524017594435492,0.9661564407462765,0.5202972888946533
waveform,0,LGBM_default,0.854,1.0,0.14600000000000002,0.8528284631003608,0.9677835529482024,0.2420058250427246
waveform,0,LGBM_early_stop,0.856,0.99975,0.14375000000000004,0.8548914903270184,0.967096331939753,0.24532151222229004
waveform,1,RF_default,0.849,1.0,0.15100000000000002,0.8478362843422538,0.9653252639116447,0.2009260654449463
waveform,1,XGB_default,0.837,1.0,0.16300000000000003,0.8366590909090907,0.9670247010978094,0.3861865997314453
waveform,1,XGB_tuned,0.852,0.99925,0.14725,0.851633046746294,0.9669710035975088,0.3838522434234619
waveform,1,XGB_early_stop,0.854,1.0,0.14600000000000002,0.8537178018995847,0.9677145682954061,0.6155378818511963
waveform,1,LGBM_default,0.843,1.0,0.15700000000000003,0.8425364733366666,0.9678806022565882,0.24166274070739746
waveform,1,LGBM_early_stop,0.851,1.0,0.14900000000000002,0.8506286672861427,0.967016071113534,0.24143195152282715
waveform,2,RF_default,0.833,1.0,0.16700000000000004,0.8324648124121131,0.9609429662344934,0.1962270736694336
waveform,2,XGB_default,0.821,1.0,0.17900000000000005,0.8206010883720947,0.9596832581433261,0.38883233070373535
waveform,2,XGB_tuned,0.827,0.99875,0.17175000000000007,0.8266074411004147,0.95966723115621,0.38924479484558105
waveform,2,XGB_early_stop,0.831,0.999,0.16800000000000004,0.8307180509413068,0.9595639182799779,0.5834043025970459
waveform,2,LGBM_default,0.827,1.0,0.17300000000000004,0.826640459011463,0.9618298696254951,0.2595336437225342
waveform,2,LGBM_early_stop,0.832,1.0,0.16800000000000004,0.8316150132042216,0.9621457082988996,0.2666471004486084
waveform,3,RF_default,0.866,1.0,0.134,0.8656611150465814,0.9691543145064782,0.21437525749206543
waveform,3,XGB_default,0.873,1.0,0.127,0.8729459041484112,0.9702238065562073,0.4278430938720703
waveform,3,XGB_tuned,0.872,0.9995,0.12750000000000006,0.8720105997229696,0.972104155094631,0.4259033203125
waveform,3,XGB_early_stop,0.88,0.999,0.119,0.8799666874418803,0.9713319875902618,0.5966925621032715
waveform,3,LGBM_default,0.867,1.0,0.133,0.8670798801758873,0.9716470653317618,0.27826809883117676
waveform,3,LGBM_early_stop,0.866,1.0,0.134,0.8660405144153744,0.9714512755205723,0.29507875442504883
waveform,4,RF_default,0.829,1.0,0.17100000000000004,0.8284999766104384,0.9663899290549541,0.21792125701904297
waveform,4,XGB_default,0.844,1.0,0.15600000000000003,0.8438241997747903,0.9690450011063995,0.4189903736114502
waveform,4,XGB_tuned,0.852,0.99875,0.14675000000000005,0.8518225926350115,0.9695145706040942,0.398343563079834
waveform,4,XGB_early_stop,0.856,0.99825,0.14225,0.8558710747629416,0.9697135486522247,0.553736686706543
waveform,4,LGBM_default,0.847,1.0,0.15300000000000002,0.8469160913198505,0.9695067490369809,0.42682313919067383
waveform,4,LGBM_early_stop,0.848,1.0,0.15200000000000002,0.8478864806487618,0.9689984420088603,0.2748723030090332
