dataset,fold,method,train_accuracy,test_accuracy,gap,f1,train_time
breast_cancer,0,XGB_default,1.0,0.9561,0.0439,0.9564,0.1915
breast_cancer,0,XGB_tuned,0.9978,0.9912,0.0066,0.9912,0.0296
breast_cancer,0,RF_default,1.0,0.9649,0.0351,0.9651,0.0791
breast_cancer,0,AdaPrune_gap,0.9846,0.9211,0.0636,0.9215,0.6651
breast_cancer,0,AdaPrune_trend,0.9846,0.9211,0.0636,0.9215,0.6016
breast_cancer,0,AdaPrune_data,0.9846,0.9211,0.0636,0.9215,0.6118
breast_cancer,0,AdaPrune_hybrid,0.9846,0.9211,0.0636,0.9215,0.6241
breast_cancer,1,XGB_default,1.0,0.9386,0.0614,0.9377,0.0342
breast_cancer,1,XGB_tuned,0.9978,0.9474,0.0504,0.9471,0.018
breast_cancer,1,RF_default,1.0,0.9386,0.0614,0.9377,0.1266
breast_cancer,1,AdaPrune_gap,0.9846,0.9386,0.046,0.9381,0.6096
breast_cancer,1,AdaPrune_trend,0.9846,0.9386,0.046,0.9381,0.6013
breast_cancer,1,AdaPrune_data,0.9846,0.9386,0.046,0.9381,0.5977
breast_cancer,1,AdaPrune_hybrid,0.9846,0.9386,0.046,0.9381,0.615
breast_cancer,2,XGB_default,1.0,0.9649,0.0351,0.9647,0.0336
breast_cancer,2,XGB_tuned,1.0,0.9737,0.0263,0.9735,0.0207
breast_cancer,2,RF_default,1.0,0.9561,0.0439,0.9558,0.1153
breast_cancer,2,AdaPrune_gap,0.989,0.9123,0.0767,0.9107,0.5996
breast_cancer,2,AdaPrune_trend,0.989,0.9123,0.0767,0.9107,0.5948
breast_cancer,2,AdaPrune_data,0.9934,0.9474,0.046,0.9471,0.5863
breast_cancer,2,AdaPrune_hybrid,0.9934,0.9474,0.046,0.9471,0.5978
breast_cancer,3,XGB_default,1.0,0.9474,0.0526,0.948,0.0327
breast_cancer,3,XGB_tuned,0.9956,0.9649,0.0307,0.9652,0.0214
breast_cancer,3,RF_default,1.0,0.9474,0.0526,0.948,0.1134
breast_cancer,3,AdaPrune_gap,0.9912,0.9474,0.0438,0.9476,0.6366
breast_cancer,3,AdaPrune_trend,0.9912,0.9474,0.0438,0.9476,0.6126
breast_cancer,3,AdaPrune_data,0.9912,0.9474,0.0438,0.9476,0.6054
breast_cancer,3,AdaPrune_hybrid,0.9912,0.9474,0.0438,0.9476,0.6063
breast_cancer,4,XGB_default,1.0,0.9558,0.0442,0.9554,0.0377
breast_cancer,4,XGB_tuned,0.9978,0.9558,0.0421,0.9554,0.0261
breast_cancer,4,RF_default,1.0,0.9735,0.0265,0.9734,0.1141
breast_cancer,4,AdaPrune_gap,0.989,0.9735,0.0156,0.9734,0.6169
breast_cancer,4,AdaPrune_trend,0.989,0.9735,0.0156,0.9734,0.6095
breast_cancer,4,AdaPrune_data,0.9846,0.9646,0.02,0.9646,0.6202
breast_cancer,4,AdaPrune_hybrid,0.9846,0.9646,0.02,0.9646,0.6198
wine,0,XGB_default,1.0,0.9722,0.0278,0.9724,0.0307
wine,0,XGB_tuned,1.0,0.9722,0.0278,0.9724,0.0211
wine,0,RF_default,1.0,0.9722,0.0278,0.9724,0.0829
wine,0,AdaPrune_gap,0.9789,0.9444,0.0344,0.9435,0.2297
wine,0,AdaPrune_trend,0.9789,0.9444,0.0344,0.9435,0.2218
wine,0,AdaPrune_data,0.9789,0.9167,0.0622,0.9158,0.2194
wine,0,AdaPrune_hybrid,0.9789,0.9167,0.0622,0.9158,0.2215
wine,1,XGB_default,1.0,0.9722,0.0278,0.972,0.0254
wine,1,XGB_tuned,1.0,1.0,0.0,1.0,0.0238
wine,1,RF_default,1.0,1.0,0.0,1.0,0.0817
wine,1,AdaPrune_gap,0.9648,0.8611,0.1037,0.8621,0.2225
wine,1,AdaPrune_trend,0.9648,0.8611,0.1037,0.8621,0.2241
wine,1,AdaPrune_data,0.993,0.9444,0.0485,0.9444,0.2228
wine,1,AdaPrune_hybrid,0.993,0.9444,0.0485,0.9444,0.2184
wine,2,XGB_default,1.0,0.9722,0.0278,0.9724,0.0353
wine,2,XGB_tuned,1.0,1.0,0.0,1.0,0.0246
wine,2,RF_default,1.0,0.9722,0.0278,0.9724,0.0799
wine,2,AdaPrune_gap,0.9718,0.9444,0.0274,0.9445,0.2189
wine,2,AdaPrune_trend,0.9718,0.9444,0.0274,0.9445,0.2219
wine,2,AdaPrune_data,1.0,0.9722,0.0278,0.9724,0.2217
wine,2,AdaPrune_hybrid,1.0,0.9722,0.0278,0.9724,0.217
wine,3,XGB_default,1.0,0.9143,0.0857,0.9132,0.0351
wine,3,XGB_tuned,1.0,0.9429,0.0571,0.9431,0.0231
wine,3,RF_default,1.0,0.9429,0.0571,0.9429,0.0818
wine,3,AdaPrune_gap,0.979,0.8571,0.1219,0.8539,0.233
wine,3,AdaPrune_trend,0.979,0.8571,0.1219,0.8539,0.2268
wine,3,AdaPrune_data,0.986,0.9429,0.0432,0.9429,0.2278
wine,3,AdaPrune_hybrid,0.986,0.9429,0.0432,0.9429,0.228
wine,4,XGB_default,1.0,1.0,0.0,1.0,0.0354
wine,4,XGB_tuned,1.0,1.0,0.0,1.0,0.0249
wine,4,RF_default,1.0,1.0,0.0,1.0,0.0806
wine,4,AdaPrune_gap,0.993,0.9429,0.0501,0.9411,0.2236
wine,4,AdaPrune_trend,0.993,0.9429,0.0501,0.9411,0.2221
wine,4,AdaPrune_data,0.993,0.9429,0.0501,0.9411,0.2201
wine,4,AdaPrune_hybrid,0.993,0.9429,0.0501,0.9411,0.2305
iris,0,XGB_default,1.0,0.9667,0.0333,0.9666,0.0314
iris,0,XGB_tuned,0.9667,0.9667,0.0,0.9666,0.0254
iris,0,RF_default,1.0,0.9667,0.0333,0.9666,0.0769
iris,0,AdaPrune_gap,0.975,1.0,-0.025,1.0,0.183
iris,0,AdaPrune_trend,0.975,1.0,-0.025,1.0,0.1812
iris,0,AdaPrune_data,0.975,1.0,-0.025,1.0,0.1797
iris,0,AdaPrune_hybrid,0.975,1.0,-0.025,1.0,0.1753
iris,1,XGB_default,1.0,0.9667,0.0333,0.9666,0.0378
iris,1,XGB_tuned,0.975,0.9667,0.0083,0.9666,0.0333
iris,1,RF_default,1.0,0.9667,0.0333,0.9666,0.0873
iris,1,AdaPrune_gap,0.9833,0.9667,0.0167,0.9666,0.1782
iris,1,AdaPrune_trend,0.9833,0.9667,0.0167,0.9666,0.1799
iris,1,AdaPrune_data,0.9833,0.9667,0.0167,0.9666,0.1787
iris,1,AdaPrune_hybrid,0.9833,0.9667,0.0167,0.9666,0.1767
iris,2,XGB_default,1.0,0.9,0.1,0.895,0.032
iris,2,XGB_tuned,0.9917,0.9,0.0917,0.895,0.0261
iris,2,RF_default,1.0,0.9333,0.0667,0.9327,0.0769
iris,2,AdaPrune_gap,0.9917,0.9333,0.0583,0.9333,0.1796
iris,2,AdaPrune_trend,0.9917,0.9333,0.0583,0.9333,0.1908
iris,2,AdaPrune_data,0.9917,0.9333,0.0583,0.9333,0.1823
iris,2,AdaPrune_hybrid,0.9917,0.9333,0.0583,0.9333,0.184
iris,3,XGB_default,1.0,0.9667,0.0333,0.9666,0.0345
iris,3,XGB_tuned,0.9833,0.9667,0.0167,0.9666,0.0205
iris,3,RF_default,1.0,0.9667,0.0333,0.9666,0.0805
iris,3,AdaPrune_gap,0.9917,1.0,-0.0083,1.0,0.1921
iris,3,AdaPrune_trend,0.9917,1.0,-0.0083,1.0,0.1875
iris,3,AdaPrune_data,0.9917,1.0,-0.0083,1.0,0.1871
iris,3,AdaPrune_hybrid,0.9917,1.0,-0.0083,1.0,0.1819
iris,4,XGB_default,1.0,0.9,0.1,0.8997,0.028
iris,4,XGB_tuned,0.9833,0.9,0.0833,0.8997,0.0225
iris,4,RF_default,1.0,0.9,0.1,0.8997,0.0757
iris,4,AdaPrune_gap,0.9917,0.9333,0.0583,0.9333,0.1857
iris,4,AdaPrune_trend,0.9917,0.9333,0.0583,0.9333,0.1814
iris,4,AdaPrune_data,0.9917,0.9333,0.0583,0.9333,0.1825
iris,4,AdaPrune_hybrid,0.9917,0.9333,0.0583,0.9333,0.1861
synthetic_easy,0,XGB_default,1.0,0.9475,0.0525,0.9475,0.0549
synthetic_easy,0,XGB_tuned,1.0,0.945,0.055,0.945,0.046
synthetic_easy,0,RF_default,1.0,0.935,0.065,0.935,0.2685
synthetic_easy,0,AdaPrune_gap,0.9663,0.9225,0.0438,0.9225,1.5844
synthetic_easy,0,AdaPrune_trend,0.9681,0.91,0.0581,0.91,1.7085
synthetic_easy,0,AdaPrune_data,0.9569,0.9125,0.0444,0.9125,1.5084
synthetic_easy,0,AdaPrune_hybrid,0.9656,0.9275,0.0381,0.9275,1.6153
synthetic_easy,1,XGB_default,1.0,0.9425,0.0575,0.9425,0.059
synthetic_easy,1,XGB_tuned,1.0,0.94,0.06,0.94,0.0506
synthetic_easy,1,RF_default,1.0,0.9225,0.0775,0.9225,0.262
synthetic_easy,1,AdaPrune_gap,0.9794,0.91,0.0694,0.91,1.7344
synthetic_easy,1,AdaPrune_trend,0.9762,0.9125,0.0637,0.9125,1.6968
synthetic_easy,1,AdaPrune_data,0.9794,0.91,0.0694,0.91,1.7265
synthetic_easy,1,AdaPrune_hybrid,0.9794,0.91,0.0694,0.91,1.7304
synthetic_easy,2,XGB_default,1.0,0.94,0.06,0.94,0.0635
synthetic_easy,2,XGB_tuned,1.0,0.9375,0.0625,0.9375,0.0476
synthetic_easy,2,RF_default,1.0,0.9,0.1,0.9,0.2603
synthetic_easy,2,AdaPrune_gap,0.98,0.8825,0.0975,0.8825,1.7181
synthetic_easy,2,AdaPrune_trend,0.98,0.8825,0.0975,0.8825,1.7217
synthetic_easy,2,AdaPrune_data,0.98,0.8825,0.0975,0.8825,1.7791
synthetic_easy,2,AdaPrune_hybrid,0.98,0.8825,0.0975,0.8825,1.7805
synthetic_easy,3,XGB_default,1.0,0.935,0.065,0.935,0.0647
synthetic_easy,3,XGB_tuned,1.0,0.925,0.075,0.925,0.0545
synthetic_easy,3,RF_default,1.0,0.9075,0.0925,0.9075,0.2739
synthetic_easy,3,AdaPrune_gap,0.9788,0.9025,0.0763,0.9025,1.7625
synthetic_easy,3,AdaPrune_trend,0.9788,0.9025,0.0763,0.9025,1.7651
synthetic_easy,3,AdaPrune_data,0.975,0.895,0.08,0.895,1.7648
synthetic_easy,3,AdaPrune_hybrid,0.9756,0.9125,0.0631,0.9125,1.724
synthetic_easy,4,XGB_default,1.0,0.9075,0.0925,0.9075,0.0573
synthetic_easy,4,XGB_tuned,1.0,0.9175,0.0825,0.9175,0.0463
synthetic_easy,4,RF_default,1.0,0.8925,0.1075,0.8925,0.2624
synthetic_easy,4,AdaPrune_gap,0.9788,0.895,0.0837,0.895,1.7784
synthetic_easy,4,AdaPrune_trend,0.9788,0.895,0.0837,0.895,1.7632
synthetic_easy,4,AdaPrune_data,0.9788,0.895,0.0837,0.895,1.7603
synthetic_easy,4,AdaPrune_hybrid,0.9756,0.9,0.0756,0.9,1.8552
synthetic_noisy,0,XGB_default,1.0,0.86,0.14,0.86,0.0747
synthetic_noisy,0,XGB_tuned,1.0,0.86,0.14,0.86,0.0574
synthetic_noisy,0,RF_default,1.0,0.9,0.1,0.9,0.1849
synthetic_noisy,0,AdaPrune_gap,0.9113,0.855,0.0563,0.8548,0.7464
synthetic_noisy,0,AdaPrune_trend,0.94,0.83,0.11,0.8299,0.7942
synthetic_noisy,0,AdaPrune_data,0.9075,0.845,0.0625,0.8448,0.7109
synthetic_noisy,0,AdaPrune_hybrid,0.9062,0.855,0.0513,0.8548,0.7237
synthetic_noisy,1,XGB_default,1.0,0.82,0.18,0.82,0.0581
synthetic_noisy,1,XGB_tuned,1.0,0.82,0.18,0.82,0.0469
synthetic_noisy,1,RF_default,1.0,0.8,0.2,0.7999,0.1732
synthetic_noisy,1,AdaPrune_gap,0.9287,0.795,0.1337,0.7943,0.7211
synthetic_noisy,1,AdaPrune_trend,0.9425,0.785,0.1575,0.7847,0.7933
synthetic_noisy,1,AdaPrune_data,0.91,0.8,0.11,0.7998,0.6899
synthetic_noisy,1,AdaPrune_hybrid,0.9237,0.805,0.1187,0.8049,0.701
synthetic_noisy,2,XGB_default,1.0,0.83,0.17,0.8293,0.0542
synthetic_noisy,2,XGB_tuned,1.0,0.845,0.155,0.8438,0.0386
synthetic_noisy,2,RF_default,1.0,0.87,0.13,0.8696,0.1739
synthetic_noisy,2,AdaPrune_gap,0.9537,0.84,0.1138,0.8397,0.8029
synthetic_noisy,2,AdaPrune_trend,0.9487,0.84,0.1088,0.8397,0.7957
synthetic_noisy,2,AdaPrune_data,0.9525,0.825,0.1275,0.8244,0.7921
synthetic_noisy,2,AdaPrune_hybrid,0.9513,0.82,0.1313,0.8195,0.8188
synthetic_noisy,3,XGB_default,1.0,0.82,0.18,0.82,0.063
synthetic_noisy,3,XGB_tuned,1.0,0.8,0.2,0.8,0.0545
synthetic_noisy,3,RF_default,1.0,0.85,0.15,0.85,0.1916
synthetic_noisy,3,AdaPrune_gap,0.95,0.81,0.14,0.81,0.7941
synthetic_noisy,3,AdaPrune_trend,0.95,0.81,0.14,0.81,0.8037
synthetic_noisy,3,AdaPrune_data,0.9325,0.815,0.1175,0.815,0.7784
synthetic_noisy,3,AdaPrune_hybrid,0.9313,0.815,0.1163,0.815,0.7886
synthetic_noisy,4,XGB_default,1.0,0.81,0.19,0.81,0.0529
synthetic_noisy,4,XGB_tuned,1.0,0.805,0.195,0.805,0.0578
synthetic_noisy,4,RF_default,1.0,0.835,0.165,0.835,0.1839
synthetic_noisy,4,AdaPrune_gap,0.95,0.84,0.11,0.84,0.8193
synthetic_noisy,4,AdaPrune_trend,0.95,0.84,0.11,0.84,0.7959
synthetic_noisy,4,AdaPrune_data,0.9175,0.84,0.0775,0.84,0.7433
synthetic_noisy,4,AdaPrune_hybrid,0.93,0.845,0.085,0.845,0.8225
synthetic_small,0,XGB_default,1.0,0.8333,0.1667,0.8331,0.0388
synthetic_small,0,XGB_tuned,1.0,0.8,0.2,0.7998,0.0271
synthetic_small,0,RF_default,1.0,0.8167,0.1833,0.8154,0.0964
synthetic_small,0,AdaPrune_gap,0.9667,0.85,0.1167,0.849,0.3123
synthetic_small,0,AdaPrune_trend,0.9583,0.75,0.2083,0.7483,0.3158
synthetic_small,0,AdaPrune_data,0.9583,0.8333,0.125,0.8326,0.2886
synthetic_small,0,AdaPrune_hybrid,0.9583,0.8333,0.125,0.8326,0.3021
synthetic_small,1,XGB_default,1.0,0.8333,0.1667,0.8333,0.0375
synthetic_small,1,XGB_tuned,1.0,0.8333,0.1667,0.8326,0.0222
synthetic_small,1,RF_default,1.0,0.8167,0.1833,0.8162,0.1064
synthetic_small,1,AdaPrune_gap,0.9708,0.7667,0.2042,0.7664,0.3102
synthetic_small,1,AdaPrune_trend,0.9708,0.7667,0.2042,0.7664,0.3279
synthetic_small,1,AdaPrune_data,0.975,0.7667,0.2083,0.7656,0.3062
synthetic_small,1,AdaPrune_hybrid,0.975,0.7667,0.2083,0.7656,0.3032
synthetic_small,2,XGB_default,1.0,0.9,0.1,0.8999,0.0341
synthetic_small,2,XGB_tuned,1.0,0.8167,0.1833,0.8162,0.0217
synthetic_small,2,RF_default,1.0,0.85,0.15,0.8496,0.0958
synthetic_small,2,AdaPrune_gap,0.9625,0.85,0.1125,0.85,0.2909
synthetic_small,2,AdaPrune_trend,0.95,0.8333,0.1167,0.8326,0.3112
synthetic_small,2,AdaPrune_data,0.9667,0.7833,0.1833,0.7833,0.293
synthetic_small,2,AdaPrune_hybrid,0.9667,0.7833,0.1833,0.7833,0.3006
synthetic_small,3,XGB_default,1.0,0.8833,0.1167,0.8833,0.0319
synthetic_small,3,XGB_tuned,1.0,0.8,0.2,0.798,0.02
synthetic_small,3,RF_default,1.0,0.8333,0.1667,0.8333,0.0957
synthetic_small,3,AdaPrune_gap,0.9625,0.7833,0.1792,0.7833,0.2966
synthetic_small,3,AdaPrune_trend,0.9625,0.7833,0.1792,0.7828,0.2966
synthetic_small,3,AdaPrune_data,0.9625,0.7833,0.1792,0.7833,0.3019
synthetic_small,3,AdaPrune_hybrid,0.9625,0.7833,0.1792,0.7833,0.3108
synthetic_small,4,XGB_default,1.0,0.8667,0.1333,0.8665,0.0503
synthetic_small,4,XGB_tuned,1.0,0.8667,0.1333,0.8665,0.0208
synthetic_small,4,RF_default,1.0,0.85,0.15,0.8496,0.0992
synthetic_small,4,AdaPrune_gap,0.9583,0.8,0.1583,0.7991,0.2963
synthetic_small,4,AdaPrune_trend,0.9417,0.8,0.1417,0.7991,0.3451
synthetic_small,4,AdaPrune_data,0.9583,0.8,0.1583,0.7991,0.2937
synthetic_small,4,AdaPrune_hybrid,0.9583,0.8,0.1583,0.7991,0.2977
synthetic_highdim,0,XGB_default,1.0,0.81,0.19,0.81,0.0983
synthetic_highdim,0,XGB_tuned,1.0,0.79,0.21,0.79,0.0781
synthetic_highdim,0,RF_default,1.0,0.82,0.18,0.8197,0.1849
synthetic_highdim,0,AdaPrune_gap,0.955,0.75,0.205,0.7494,1.0242
synthetic_highdim,0,AdaPrune_trend,0.96,0.68,0.28,0.6795,1.3504
synthetic_highdim,0,AdaPrune_data,0.95,0.78,0.17,0.7792,0.9917
synthetic_highdim,0,AdaPrune_hybrid,0.9425,0.77,0.1725,0.7694,0.9562
synthetic_highdim,1,XGB_default,1.0,0.8,0.2,0.7987,0.0932
synthetic_highdim,1,XGB_tuned,1.0,0.79,0.21,0.79,0.0629
synthetic_highdim,1,RF_default,1.0,0.8,0.2,0.7999,0.1699
synthetic_highdim,1,AdaPrune_gap,0.9575,0.72,0.2375,0.72,0.9865
synthetic_highdim,1,AdaPrune_trend,0.96,0.73,0.23,0.7298,1.3623
synthetic_highdim,1,AdaPrune_data,0.955,0.74,0.215,0.7399,1.0021
synthetic_highdim,1,AdaPrune_hybrid,0.9575,0.74,0.2175,0.7399,1.0097
synthetic_highdim,2,XGB_default,1.0,0.81,0.19,0.8084,0.0925
synthetic_highdim,2,XGB_tuned,1.0,0.77,0.23,0.7689,0.0704
synthetic_highdim,2,RF_default,1.0,0.79,0.21,0.7895,0.1625
synthetic_highdim,2,AdaPrune_gap,0.9475,0.7,0.2475,0.7,0.9739
synthetic_highdim,2,AdaPrune_trend,0.9575,0.72,0.2375,0.7199,1.3578
synthetic_highdim,2,AdaPrune_data,0.965,0.7,0.265,0.6995,1.0004
synthetic_highdim,2,AdaPrune_hybrid,0.95,0.69,0.26,0.6897,0.9853
synthetic_highdim,3,XGB_default,1.0,0.8,0.2,0.7998,0.1066
synthetic_highdim,3,XGB_tuned,1.0,0.83,0.17,0.83,0.0706
synthetic_highdim,3,RF_default,1.0,0.87,0.13,0.87,0.1672
synthetic_highdim,3,AdaPrune_gap,0.9525,0.79,0.1625,0.7897,1.0231
synthetic_highdim,3,AdaPrune_trend,0.955,0.79,0.165,0.79,1.3422
synthetic_highdim,3,AdaPrune_data,0.9475,0.8,0.1475,0.8,0.9983
synthetic_highdim,3,AdaPrune_hybrid,0.9475,0.8,0.1475,0.8,0.9542
synthetic_highdim,4,XGB_default,1.0,0.74,0.26,0.7394,0.1
synthetic_highdim,4,XGB_tuned,1.0,0.74,0.26,0.7394,0.0753
synthetic_highdim,4,RF_default,1.0,0.74,0.26,0.7387,0.1632
synthetic_highdim,4,AdaPrune_gap,0.9375,0.72,0.2175,0.7177,0.9948
synthetic_highdim,4,AdaPrune_trend,0.9375,0.73,0.2075,0.7283,1.4372
synthetic_highdim,4,AdaPrune_data,0.945,0.74,0.205,0.7387,1.0244
synthetic_highdim,4,AdaPrune_hybrid,0.9425,0.73,0.2125,0.7283,0.9938
